PC1 projection FourFoldPCA (from r strategy to K strategy),Species,Group (Family),Taxonomy,"cp scaling (1 - colonizer, 5 - persister)","Type (free, parasite, facultative)",Feeding (based on Family),"Main host (vertebrate, plant, aquatic, invertebrate, insect)",All hosts,Host organs,"Temperature of environment (for parasite - temp of host, warm/cold)","Aerobic environment (aerobic, anaerobic)",Average time from egg to egg,Fertility (number of eggs per lifetime OR per clutch OR per day),Adult body size (length),intermediate <=> final host ,Comment / life cycle,link to life-cycle,sex
-2.35,Dirofilaria repens,Paratylenchus,"Eukaryota, Metazoa, Ecdysozoa, Nematoda, Chromadorea, Rhabditida, Spirurina, Spiruromorpha, Filarioidea, Onchocercidae, Dirofilaria",,parasite,animal parasites,vertebrate,"dogs, cats",heart,,,,,,mosquito => dog,"infected mosquito [numerous == r?] introduces Dirofilaria repens onto the skin of the canine definitive host. Adult females are usually 100-170 mm long by 460-650 µm wide. Adults can live for 5 – 10 years. In subcutaneous tissue, the female worms are capable of producing microfilariae [numerous == r?] over their lifespan. The microfilariae are found in peripheral blood",https://www.cdc.gov/parasites/dirofilariasis/biology_d_repens.html,
-2.20,Parastrongyloides trichosuri,Strongyloididae,"Eukaryota, Metazoa, Ecdysozoa, Nematoda, Chromadorea, Rhabditida, Tylenchina, Panagrolaimomorpha, Strongyloidoidea, Strongyloididae, Parastrongyloides",,,animal parasites,,,,,,,,,free <=> parasite,"a nematode parasite of mammals, Parastrongyloides trichosuri, which has features uniquely suited for genetic analysis. This parasite has the capacity to undergo multiple reproductive cycles as a free-living worm and thereby amplify the numbers of its infective L3s in faeces. Culture conditions are presented that permit facile laboratory maintenance of this worm for >90 free-living life cycles (to date) without the need for re-entry into a permissive host. Even after long maintenance as a free-living worm, culture conditions can be manipulated to favour development of infective L3 worms, which remain able to successfully infect their marsupial hosts. The switch to infective L3 development is triggered by a secreted factor contained in culture medium conditioned by multiple generations of free-living worm culture. It is simple to perform single pair crosses with P. trichosuri to carry out Mendelian genetics in the laboratory and this has been done multiple times with sibling pairs to generate highly inbred lines. Lines of worms can readily be cryopreserved and recovered. Over 7000 expressed sequence tags have been produced from cDNAs at different life cycle stages and used to identify single nucleotide polymorphisms and microsatellites as genetic markers. Free-living worms live only a few days on average while the patency of parasitic infections can last for several months. Since we show this is not the result of re-infection, we conclude that parasitic worms have a lifespan capacity at least 20-30 times longer than their free-living counterparts",https://pubmed.ncbi.nlm.nih.gov/16500655/,
-2.20,Dirofilaria sp. hongkongensis,Onchocercidae,"Eukaryota, Metazoa, Ecdysozoa, Nematoda, Chromadorea, Rhabditida, Spirurina, Spiruromorpha, Filarioidea, Onchocercidae, Dirofilaria, unclassified Dirofilaria",,parasite,animal parasites,vertebrate,"dogs, humans","heart, lungs",,,,,,,,,
-2.18,Strongyloides stercoralis,Strongyloididae,"Eukaryota, Metazoa, Ecdysozoa, Nematoda, Chromadorea, Rhabditida, Tylenchina, Panagrolaimomorpha, Strongyloidoidea, Strongyloididae, Strongyloides",,parasite,animal parasites,vertebrate,"humans, mammals",small intestine,,,,,,free <=> parasite,"сложным и уникальным для нематод циклом развития (впервые описан Рудольфом Лейкартом в 1882 году), состоящим из двух поколений — свободноживущего (рабдитиформные личинки) и паразитического (филяриевидные личинки) — с тремя фазами развития: взрослая особь, рабдитиформная личинка, филяриевидная личинка. Свободноживущие черви могут переходить на паразитический образ жизни в зависимости от условий окружающей среды.",https://ru.wikipedia.org/wiki/Strongyloides_stercoralis,
-2.18,Setaria digitata,Setariidae,"Eukaryota, Metazoa, Ecdysozoa, Nematoda, Chromadorea, Rhabditida, Spirurina, Spiruromorpha, Filarioidea, Setariidae, Setaria",,parasite,animal parasites,vertebrate,"cattle, sheep, goats, pigs, horses",,,,,,,,,,
-1.98,Onchocerca ochengi,Onchocercidae,"Eukaryota, Metazoa, Ecdysozoa, Nematoda, Chromadorea, Rhabditida, Spirurina, Spiruromorpha, Filarioidea, Onchocercidae, Onchocerca",,parasite,animal parasites,vertebrate,cattle,,,,,,,,,,
-1.93,Onchocerca lupi,Onchocercidae,"Eukaryota, Metazoa, Ecdysozoa, Nematoda, Chromadorea, Rhabditida, Spirurina, Spiruromorpha, Filarioidea, Onchocercidae, Onchocerca",,parasite,animal parasites,vertebrate,"canines, felines",eyes,,,,,,,,,
-1.84,Setaria labiatopapillosa,Setariidae,"Eukaryota, Metazoa, Ecdysozoa, Nematoda, Chromadorea, Rhabditida, Spirurina, Spiruromorpha, Filarioidea, Setariidae, Setaria",,parasite,animal parasites,vertebrate,"cattle, sheep, goats, pigs, horses",,,,,,,,,,
-1.83,Loa loa,Onchocercidae,"Eukaryota, Metazoa, Ecdysozoa, Nematoda, Chromadorea, Rhabditida, Spirurina, Spiruromorpha, Filarioidea, Onchocercidae, Loa",,,animal parasites,,,,,,,,,mango flies => humans,"Loiasis, called African eye worm by most people, is caused by the parasitic worm Loa loa. It is passed on to humans through the repeated bites of deerflies (also known as mango flies or mangrove flies) of the genus Chrysops. The flies that pass on the parasite breed in certain rain forests of West and Central Africa. Infection with the parasite can also cause repeated episodes of itchy swellings of the body known as Calabar swellings. Knowing whether someone has a Loa loa infection has become more important in Africa because the presence of people with Loa loa infection has limited programs to control or eliminate onchocerciasis (river blindness) and lymphatic filariasis (elephantiasis). There may be more than 29 million people who are at risk of getting loaisis in affected areas of Central and West Africa.", ,
-1.82,Onchocerca volvulus,Onchocercidae,"Eukaryota, Metazoa, Ecdysozoa, Nematoda, Chromadorea, Rhabditida, Spirurina, Spiruromorpha, Filarioidea, Onchocercidae, Onchocerca",,parasite,animal parasites,vertebrate,humans,"eyes, blood, skin",,,,,,blackfly,"During a blood meal, an infected blackfly (genus Simulium) introduces third-stage filarial larvae onto the skin of the human host, where they penetrate into the bite wound The number 1.   In subcutaneous tissues the larvae The number 2 develop into adult filariae, which commonly reside in nodules in subcutaneous connective tissues The number 3. Adults can live in the nodules for approximately 15 years. Some nodules may contain numerous male and female worms. Females measure 33 to 50 cm in length and 270 to 400 µm in diameter, while males measure 19 to 42 mm by 130 to 210 µm. In the subcutaneous nodules, the female worms are capable of producing microfilariae for approximately 9 years. The microfilariae, measuring 220 to 360 µm by 5 to 9 µm and unsheathed, have a life span that may reach 2 years.  They are occasionally found in peripheral blood, urine, and sputum but are typically found in the skin and in the lymphatics of connective tissues The number 4. A blackfly ingests the microfilariae during a blood meal",https://www.cdc.gov/dpdx/onchocerciasis/index.html,
-1.75,Dirofilaria immitis,Onchocercidae,"Eukaryota, Metazoa, Ecdysozoa, Nematoda, Chromadorea, Rhabditida, Spirurina, Spiruromorpha, Filarioidea, Onchocercidae, Dirofilaria",,parasite,animal parasites,vertebrate,"dogs, cats","heart, lungs",,,,,,,,,
-1.72,Dracunculus medinensis,Dracunculidae,"Eukaryota, Metazoa, Ecdysozoa, Nematoda, Chromadorea, Rhabditida, Spirurina, Dracunculoidea, Dracunculidae, Dracunculus",,parasite,animal parasites,vertebrate,"human, dogs, cats (intermediate — freshwater fish)","intestine, skin",,,,,,,,,
-1.71,Strongyloides ratti,Strongyloididae,"Eukaryota, Metazoa, Ecdysozoa, Nematoda, Chromadorea, Rhabditida, Tylenchina, Panagrolaimomorpha, Strongyloidoidea, Strongyloididae, Strongyloides",,parasite,animal parasites,vertebrate,rats,small intestine,,,,,,,,,
-1.68,Onchocerca flexuosa,Onchocercidae,"Eukaryota, Metazoa, Ecdysozoa, Nematoda, Chromadorea, Rhabditida, Spirurina, Spiruromorpha, Filarioidea, Onchocercidae, Onchocerca",,parasite,animal parasites,vertebrate,deers,,,,,,,,,,
-1.64,Toxascaris leonina,Ascarididae,"Eukaryota, Metazoa, Ecdysozoa, Nematoda, Chromadorea, Rhabditida, Spirurina, Ascaridomorpha, Ascaridoidea, Ascarididae, Toxascaris",,parasite,,vertebrate,"dogs, foxes, cats etc",,,,,,,,https://www.aavp.org/wiki/nematodes/ascaridida/toxascaris-leonina/,https://en.wikipedia.org/wiki/Toxascaris_leonina,The females are around 6 to 10 cm in length and the males are around 5 cm long
-1.58,Ascaridia galli,Ascaridiidae,"Eukaryota, Metazoa, Ecdysozoa, Nematoda, Chromadorea, Rhabditida, Spirurina, Ascaridomorpha, Heterakoidea, Ascaridiidae, Ascaridia",,parasite,animal parasites,vertebrate,birds,intestine,,,,,,,,https://en.wikipedia.org/wiki/Ascaridia_galli,
-1.58,Halicephalobus mephisto,Panagrolaimidae,"Eukaryota, Metazoa, Ecdysozoa, Nematoda, Chromadorea, Rhabditida, Tylenchina, Panagrolaimomorpha, Panagrolaimoidea, Panagrolaimidae, Halicephalobus",1,free,bacteria feeders,vertebrate,,,,,,,,,,,
-1.55,Acanthocheilonema viteae,Onchocercidae,"Eukaryota, Metazoa, Ecdysozoa, Nematoda, Chromadorea, Rhabditida, Spirurina, Spiruromorpha, Filarioidea, Onchocercidae, Acanthocheilonema",,parasite,animal parasites,vertebrate,rodents,,,,,,,,,,
-1.54,Wuchereria bancrofti,Onchocercidae,"Eukaryota, Metazoa, Ecdysozoa, Nematoda, Chromadorea, Rhabditida, Spirurina, Spiruromorpha, Filarioidea, Onchocercidae, Wuchereria",,parasite,animal parasites,vertebrate,humans,lymphatic vessels,,,,,,,,,
-1.50,Ascaris lumbricoides,Ascarididae,"Eukaryota, Metazoa, Ecdysozoa, Nematoda, Chromadorea, Rhabditida, Spirurina, Ascaridomorpha, Ascaridoidea, Ascarididae, Ascaris",,parasite,animal parasites,vertebrate,humans,,,,,,,,,,
-1.50,Ascaris ovis,Ascarididae,"Eukaryota, Metazoa, Ecdysozoa, Nematoda, Chromadorea, Rhabditida, Spirurina, Ascaridomorpha, Ascaridoidea, Ascarididae, Ascaris",,parasite,animal parasites,vertebrate,"sheep, goats",,,,,,,,,,
-1.48,Halicephalobus gingivalis,Panagrolaimidae,"Eukaryota, Metazoa, Ecdysozoa, Nematoda, Chromadorea, Rhabditida, Tylenchina, Panagrolaimomorpha, Panagrolaimoidea, Panagrolaimidae, Halicephalobus",1,facultative,bacteria feeders,vertebrate,"horses, humans",,,,,,,,,,
-1.48,Chandlerella quiscali,Onchocercidae,"Eukaryota, Metazoa, Ecdysozoa, Nematoda, Chromadorea, Rhabditida, Spirurina, Spiruromorpha, Filarioidea, Onchocercidae, Chandlerella",,parasite,,vertebrate,birds,,,,,,,,,,
-1.44,Passalurus ambiguus,Oxyuridae,"Eukaryota, Metazoa, Ecdysozoa, Nematoda, Chromadorea, Rhabditida, Spirurina, Oxyuridomorpha, Oxyuroidea, Oxyuridae, Passalurus",,parasite,animal parasites,vertebrate,,,,,,,,,,,
-1.42,Gongylonema pulchrum,Gongylonematidae,"Eukaryota, Metazoa, Ecdysozoa, Nematoda, Chromadorea, Rhabditida, Spirurina, Spiruromorpha, Spiruroidea, Gongylonematidae, Gongylonema",,parasite,animal parasites,vertebrate,"humans, hedgehogs, cattle, dogs, cats, ruminants etc (intermediate — insects)",,,,,,,,,,
-1.38,Halicephalobus sp. NKZ332,Panagrolaimidae,"Eukaryota, Metazoa, Ecdysozoa, Nematoda, Chromadorea, Rhabditida, Tylenchina, Panagrolaimomorpha, Panagrolaimoidea, Panagrolaimidae, Halicephalobus",1,,bacteria feeders,,,,,,,,,,,,
-1.38,Ascaris suum,Ascarididae,"Eukaryota, Metazoa, Ecdysozoa, Nematoda, Chromadorea, Rhabditida, Spirurina, Ascaridomorpha, Ascaridoidea, Ascarididae, Ascaris",,parasite,animal parasites,vertebrate,pigs,,,,,,,,,,
-1.35,Parafilaroides normani,Filaroididae,"Eukaryota, Metazoa, Ecdysozoa, Nematoda, Chromadorea, Strongylida, Metastrongyloidea, Filaroididae, Parafilaroides",,parasite,,aquatic,fur seal,,,,,,,,,,
-1.34,Diploscapter coronatus,Rhabditidae,"Eukaryota, Metazoa, Ecdysozoa, Nematoda, Chromadorea, Rhabditida, Rhabditina, Rhabditomorpha, Rhabditoidea, Rhabditidae, Diploscapter",1,free,bacteria feeders,,,,,,,,,,,,
-1.28,Diploscapter pachys (synthetic DNA construct),Rhabditidae,"Eukaryota, Metazoa, Ecdysozoa, Nematoda, Chromadorea, Rhabditida, Rhabditina, Rhabditomorpha, Rhabditoidea, Rhabditidae, Diploscapter",1,free,bacteria feeders,,,,,,,,,,,,
-1.26,Enterobius vermicularis,Oxyuridae,"Eukaryota, Metazoa, Ecdysozoa, Nematoda, Chromadorea, Rhabditida, Spirurina, Oxyuridomorpha, Oxyuroidea, Oxyuridae, Enterobius",,,animal parasites,,,,,,,,,,,,
-1.24,Baylisascaris procyonis,Ascarididae,"Eukaryota, Metazoa, Ecdysozoa, Nematoda, Chromadorea, Rhabditida, Spirurina, Ascaridomorpha, Ascaridoidea, Ascarididae, Baylisascaris",,parasite,,vertebrate,raccoons,,,,,,,,,,
-1.19,Spirocerca lupi,Thelaziidae,"Eukaryota, Metazoa, Ecdysozoa, Nematoda, Chromadorea, Rhabditida, Spirurina, Spiruromorpha, Thelazioidea, Thelaziidae, Spirocerca",,parasite,animal parasites,vertebrate,dogs,aorta,,,,,,,,,
-1.17,Strongyloides venezuelensis,Strongyloididae,"Eukaryota, Metazoa, Ecdysozoa, Nematoda, Chromadorea, Rhabditida, Tylenchina, Panagrolaimomorpha, Strongyloidoidea, Strongyloididae, Strongyloides",,parasite,animal parasites,vertebrate,wild rats,small intestine,,,,,,,,,
-1.13,Baylisascaris schroederi,Ascarididae,"Eukaryota, Metazoa, Ecdysozoa, Nematoda, Chromadorea, Rhabditida, Spirurina, Ascaridomorpha, Ascaridoidea, Ascarididae, Baylisascaris",,parasite,,vertebrate,giant pandas,,,,,,,,,,
-1.11,Wellcomia siamensis,Oxyuridae,"Eukaryota, Metazoa, Ecdysozoa, Nematoda, Chromadorea, Rhabditida, Spirurina, Oxyuridomorpha, Oxyuroidea, Oxyuridae, Wellcomia",,,animal parasites,,,,,,,,,,,,
-1.09,Aelurostrongylus abstrusus,Angiostrongylidae (Metastrongylidae?),"Eukaryota, Metazoa, Ecdysozoa, Nematoda, Chromadorea, Strongylida, Metastrongyloidea, Angiostrongylidae, Aelurostrongylus",,parasite,animal parasites,vertebrate,"cats (intermediate — slug, snail)",lung,,,,,,,,,
-1.07,Baylisascaris transfuga,Ascarididae,"Eukaryota, Metazoa, Ecdysozoa, Nematoda, Chromadorea, Rhabditida, Spirurina, Ascaridomorpha, Ascaridoidea, Ascarididae, Baylisascaris",,parasite,,vertebrate,bears,,,,,,,,,,
-1.04,Contracaecum ogmorhini sensu lato Australia,Anisakidae,"Eukaryota, Metazoa, Ecdysozoa, Nematoda, Chromadorea, Rhabditida, Spirurina, Ascaridomorpha, Ascaridoidea, Anisakidae, Contracaecum",,parasite,,aquatic,pinnipeds,,,,,,,,,,
-1.04,Contracaecum ogmorhini sensu lato Pacific Canada,Anisakidae,"Eukaryota, Metazoa, Ecdysozoa, Nematoda, Chromadorea, Rhabditida, Spirurina, Ascaridomorpha, Ascaridoidea, Anisakidae, Contracaecum",,parasite,,aquatic,pinnipeds,,,,,,,,,,
-1.02,Contracaecum ogmorhini sensu lato South Africa,Anisakidae,"Eukaryota, Metazoa, Ecdysozoa, Nematoda, Chromadorea, Rhabditida, Spirurina, Ascaridomorpha, Ascaridoidea, Anisakidae, Contracaecum",,parasite,,aquatic,pinnipeds,,,,,,,,,,
-1.00,Angiostrongylus vasorum,Angiostrongylidae (Metastrongylidae?),"Eukaryota, Metazoa, Ecdysozoa, Nematoda, Chromadorea, Strongylida, Metastrongyloidea, Angiostrongylidae, Angiostrongylus",,,animal parasites,,,,,,,,,,,,
-0.98,Parascaris univalens,Ascarididae,"Eukaryota, Metazoa, Ecdysozoa, Nematoda, Chromadorea, Rhabditida, Spirurina, Ascaridomorpha, Ascaridoidea, Ascarididae, Parascaris",,parasite,,vertebrate,equines,,,,,,,,,,
-0.94,Pseudoterranova bulbosa,Anisakidae,"Eukaryota, Metazoa, Ecdysozoa, Nematoda, Chromadorea, Rhabditida, Spirurina, Ascaridomorpha, Ascaridoidea, Anisakidae, Pseudoterranova",,parasite,,aquatic,,,,,,,,,,,
-0.93,Thelazia callipaeda,Thelaziidae,"Eukaryota, Metazoa, Ecdysozoa, Nematoda, Chromadorea, Rhabditida, Spirurina, Spiruromorpha, Thelazioidea, Thelaziidae, Thelazia",,,animal parasites,vertebrate,"dogs, sometime humans",eyes,,,,,,,,,
-0.93,Oxyuris equi,Oxyuridae,"Eukaryota, Metazoa, Ecdysozoa, Nematoda, Chromadorea, Oxyurida, Oxyuroidea, Oxyuridae, Oxyuris",,,,,,,,,,,,,,,
-0.93,Parascaris equorum,Ascarididae,"Eukaryota, Metazoa, Ecdysozoa, Nematoda, Chromadorea, Rhabditida, Spirurina, Ascaridomorpha, Ascaridoidea, Ascarididae, Parascaris",,parasite,,vertebrate,horses,,,,,,,,,,
-0.90,Brugia malayi,Onchocercidae,"Eukaryota, Metazoa, Ecdysozoa, Nematoda, Chromadorea, Rhabditida, Spirurina, Spiruromorpha, Filarioidea, Onchocercidae, Brugia",,parasite,animal parasites,vertebrate,humans,lymphatic vessels,,,,,,,,,
-0.87,Anisakis berlandi,Anisakidae,"Eukaryota, Metazoa, Ecdysozoa, Nematoda, Chromadorea, Rhabditida, Spirurina, Ascaridomorpha, Ascaridoidea, Anisakidae, Anisakis, Anisakis simplex complex",,parasite,animal parasites,aquatic,"fish, marine mammals (humans)",,,,,,,,,,
-0.85,Pseudoterranova decipiens sensu lato Germany,Anisakidae,"Eukaryota, Metazoa, Ecdysozoa, Nematoda, Chromadorea, Rhabditida, Spirurina, Ascaridomorpha, Ascaridoidea, Anisakidae, Pseudoterranova",,parasite,,aquatic,"seals, porpoises (humans, intermediate - fish)",,,,,,,,,,
-0.84,Steinernema carpocapsae,Steinernematidae,"Eukaryota, Metazoa, Ecdysozoa, Nematoda, Chromadorea, Rhabditida, Tylenchina, Panagrolaimomorpha, Strongyloidoidea, Steinernematidae, Steinernema",2,parasite,bacteria feeders,insect,insects,,,,,,,,,,
-0.84,Pseudoterranova krabbei,Anisakidae,"Eukaryota, Metazoa, Ecdysozoa, Nematoda, Chromadorea, Rhabditida, Spirurina, Ascaridomorpha, Ascaridoidea, Anisakidae, Pseudoterranova",,parasite,,aquatic,,,,,,,,,,,
-0.84,Toxocara malaysiensis,Toxocaridae,"Eukaryota, Metazoa, Ecdysozoa, Nematoda, Chromadorea, Rhabditida, Spirurina, Ascaridomorpha, Ascaridoidea, Toxocaridae, Toxocara",,parasite,,vertebrate,cats,,,,,,,,,,
-0.83,Plectus aquatilis,Plectidae,"Eukaryota, Metazoa, Ecdysozoa, Nematoda, Chromadorea, Plectida, Plectina, Plectoidea, Plectidae, Plectus",2,,bacteria feeders,,,,,,,,,,,,
-0.83,Anisakis pegreffii,Anisakidae,"Eukaryota, Metazoa, Ecdysozoa, Nematoda, Chromadorea, Rhabditida, Spirurina, Ascaridomorpha, Ascaridoidea, Anisakidae, Anisakis, Anisakis simplex complex",,parasite,animal parasites,aquatic,"fish, marine mammals (humans)",,,,,,,,,,
-0.81,Pseudoterranova cattani,Anisakidae,"Eukaryota, Metazoa, Ecdysozoa, Nematoda, Chromadorea, Rhabditida, Spirurina, Ascaridomorpha, Ascaridoidea, Anisakidae, Pseudoterranova",,parasite,,aquatic,sea lions,,,,,,,,,,
-0.80,Metastrongylus pudendotectus,Metastrongylidae,"Eukaryota, Metazoa, Ecdysozoa, Nematoda, Chromadorea, Strongylida, Metastrongyloidea, Metastrongylidae, Metastrongylus",,parasite,,vertebrate,pigs,lungs,,,,,,,,,
-0.79,Pseudoterranova azarasi,Anisakidae,"Eukaryota, Metazoa, Ecdysozoa, Nematoda, Chromadorea, Rhabditida, Spirurina, Ascaridomorpha, Ascaridoidea, Anisakidae, Pseudoterranova",,parasite,,aquatic,,,,,,,,,,,
-0.79,Camallanus cotti,Camallanidae,"Eukaryota, Metazoa, Ecdysozoa, Nematoda, Chromadorea, Rhabditida, Spirurina, Spiruromorpha, Camallanoidea, Camallanidae, Camallanus",,parasite,animal parasites,aquatic,freshwater fishes,intestine,,,,,,,,,
-0.78,Necator americanus,Ancylostomatidae,"Eukaryota, Metazoa, Ecdysozoa, Nematoda, Chromadorea, Strongylida, Ancylostomatoidea, Ancylostomatidae, Bunostominae, Necator",,parasite,,vertebrate,humans,,,,,,,,,,
-0.78,Steinernema abbasi,Steinernematidae,"Eukaryota, Metazoa, Ecdysozoa, Nematoda, Chromadorea, Rhabditida, Tylenchina, Panagrolaimomorpha, Strongyloidoidea, Steinernematidae, Steinernema",2,parasite,bacteria feeders,insect,insects,,,,,,,,,,
-0.77,Anisakis simplex,Anisakidae,"Eukaryota, Metazoa, Ecdysozoa, Nematoda, Chromadorea, Rhabditida, Spirurina, Ascaridomorpha, Ascaridoidea, Anisakidae, Anisakis, Anisakis simplex complex",,parasite,animal parasites,aquatic,"fish, marine mammals (humans)",,,,,,,,,,
-0.77,Angiostrongylus cantonensis,Angiostrongylidae (Metastrongylidae?),"Eukaryota, Metazoa, Ecdysozoa, Nematoda, Chromadorea, Strongylida, Metastrongyloidea, Angiostrongylidae, Angiostrongylus",,parasite,animal parasites,vertebrate,rats (humans),lungs (meningoencephalitic),,,,,,,,,
-0.76,Metastrongylus salmi,Metastrongylidae,"Eukaryota, Metazoa, Ecdysozoa, Nematoda, Chromadorea, Strongylida, Metastrongyloidea, Metastrongylidae, Metastrongylus",,parasite,,vertebrate,pigs,lungs,,,,,,,,,
-0.74,Angiostrongylus mackerrasae,Angiostrongylidae (Metastrongylidae?),"Eukaryota, Metazoa, Ecdysozoa, Nematoda, Chromadorea, Strongylida, Metastrongyloidea, Angiostrongylidae, Angiostrongylus",,parasite,animal parasites,vertebrate,rats,lungs,,,,,,,,,
-0.74,Caenorhabditis macrosperma,Rhabditidae,"Eukaryota, Metazoa, Ecdysozoa, Nematoda, Chromadorea, Rhabditida, Rhabditina, Rhabditomorpha, Rhabditoidea, Rhabditidae, Peloderinae, Caenorhabditis",1,free,bacteria feeders,,,,,,,,,,,,
-0.72,Ortleppascaris sinensis,Ascarididae,"Eukaryota, Metazoa, Ecdysozoa, Nematoda, Chromadorea, Rhabditida, Spirurina, Ascaridomorpha, Ascaridoidea, Ascarididae, Ortleppascaris",,parasite,animal parasites,vertebrate,alligators,,,,,,,,,,
-0.69,Heterakis dispar,Heterakidae,"Eukaryota, Metazoa, Ecdysozoa, Nematoda, Chromadorea, Rhabditida, Spirurina, Ascaridomorpha, Heterakoidea, Heterakidae, Heterakis",,parasite,animal parasites,vertebrate,"ducks, geese",,,,,,,,,,
-0.66,Heterakis beramporia,Heterakidae,"Eukaryota, Metazoa, Ecdysozoa, Nematoda, Chromadorea, Rhabditida, Spirurina, Ascaridomorpha, Heterakoidea, Heterakidae, Heterakis",,parasite,animal parasites,vertebrate,chickens,,,,,,,,,,
-0.66,Toxocara canis,Toxocaridae,"Eukaryota, Metazoa, Ecdysozoa, Nematoda, Chromadorea, Rhabditida, Spirurina, Ascaridomorpha, Ascaridoidea, Toxocaridae, Toxocara",,parasite,,vertebrate,"dogs, humans",,,,,,,,,,
-0.66,Bunostomum phlebotomum,Ancylostomatidae,"Eukaryota, Metazoa, Ecdysozoa, Nematoda, Chromadorea, Strongylida, Ancylostomatoidea, Ancylostomatidae, Bunostominae, Bunostomum",,parasite,,vertebrate,cattle,,,,,,,,,,
-0.65,Steinernema glaseri,Steinernematidae,"Eukaryota, Metazoa, Ecdysozoa, Nematoda, Chromadorea, Rhabditida, Tylenchina, Panagrolaimomorpha, Strongyloidoidea, Steinernematidae, Steinernema",2,,bacteria feeders,,,,,,,,,,,,
-0.65,Gnathostoma spinigerum,Gnathostomatidae,"Eukaryota, Metazoa, Ecdysozoa, Nematoda, Chromadorea, Rhabditida, Spirurina, Gnathostomatomorpha, Gnathostomatoidea, Gnathostomatidae, Gnathostoma",,parasite,animal parasites,vertebrate,"cats, dogs, sometime humans, intermediate — fish",,,,,,,,,,
-0.64,Dictyocaulus viviparus,Dictyocaulidae,"Eukaryota, Metazoa, Ecdysozoa, Nematoda, Chromadorea, Strongylida, Trichostrongyloidea, Dictyocaulidae, Dictyocaulinae, Dictyocaulus",,parasite,,vertebrate,cattle,lungs,,,,,,,,,
-0.63,Ancylostoma caninum,Ancylostomatidae,"Eukaryota, Metazoa, Ecdysozoa, Nematoda, Chromadorea, Strongylida, Ancylostomatoidea, Ancylostomatidae, Ancylostomatinae, Ancylostoma",,parasite,animal parasites,vertebrate,"dogs, wolves, foxes, cats, rarely humans",small intestine,,,,,,,,,
-0.58,Heterakis gallinarum,Heterakidae,"Eukaryota, Metazoa, Ecdysozoa, Nematoda, Chromadorea, Rhabditida, Spirurina, Ascaridomorpha, Heterakoidea, Heterakidae, Heterakis",,parasite,animal parasites,vertebrate,birds (chickens),,,,,,,,,,
-0.57,"Contracaecum rudolphii B Bullini et al., 1986",Anisakidae,"Eukaryota, Metazoa, Ecdysozoa, Nematoda, Chromadorea, Rhabditida, Spirurina, Ascaridomorpha, Ascaridoidea, Anisakidae, Contracaecum",,parasite,,vertebrate,fish-eating birds,,,,,,,,,,
-0.57,Heterorhabditis indica,Rhabditidae,"Eukaryota, Metazoa, Ecdysozoa, Nematoda, Chromadorea, Strongylida, Strongyloidea, Heterorhabditidae, Heterorhabditis",1,parasite,bacteria feeders,insect,insects,,,,,,,,,,
-0.57,Heterorhabditis bacteriophora,Rhabditidae,"Eukaryota, Metazoa, Ecdysozoa, Nematoda, Chromadorea, Strongylida, Strongyloidea, Heterorhabditidae, Heterorhabditis",1,parasite,bacteria feeders,insect,insects,,,,,,,,,,
-0.55,Toxocara cati,Toxocaridae,"Eukaryota, Metazoa, Ecdysozoa, Nematoda, Chromadorea, Rhabditida, Spirurina, Ascaridomorpha, Ascaridoidea, Toxocaridae, Toxocara",,parasite,,vertebrate,cats,,,,,,,,,,
-0.54,Caenorhabditis tropicalis,Rhabditidae,"Eukaryota, Metazoa, Ecdysozoa, Nematoda, Chromadorea, Rhabditida, Rhabditina, Rhabditomorpha, Rhabditoidea, Rhabditidae, Peloderinae, Caenorhabditis",1,free,bacteria feeders,,,,,,,,,,,,
-0.50,Gnathostoma nipponicum,Gnathostomatidae,"Eukaryota, Metazoa, Ecdysozoa, Nematoda, Chromadorea, Rhabditida, Spirurina, Gnathostomatomorpha, Gnathostomatoidea, Gnathostomatidae, Gnathostoma",,parasite,animal parasites,vertebrate,weasels,,,,,,,,,,
-0.49,Caenorhabditis brenneri,Rhabditidae,"Eukaryota, Metazoa, Ecdysozoa, Nematoda, Chromadorea, Rhabditida, Rhabditina, Rhabditomorpha, Rhabditoidea, Rhabditidae, Peloderinae, Caenorhabditis",1,free,bacteria feeders,,,,,,,,,,,,
-0.48,Caenorhabditis doughertyi,Rhabditidae,"Eukaryota, Metazoa, Ecdysozoa, Nematoda, Chromadorea, Rhabditida, Rhabditina, Rhabditomorpha, Rhabditoidea, Rhabditidae, Peloderinae, Caenorhabditis",1,free,bacteria feeders,,,,,,,,,,,,
-0.47,Angiostrongylus malaysiensis,Angiostrongylidae (Metastrongylidae?),"Eukaryota, Metazoa, Ecdysozoa, Nematoda, Chromadorea, Strongylida, Metastrongyloidea, Angiostrongylidae, Angiostrongylus",,parasite,animal parasites,vertebrate?,"mollusca, rats",,,,,,,,,,
-0.46,Heliconema longissimum,Physalopteridae,"Eukaryota, Metazoa, Ecdysozoa, Nematoda, Chromadorea, Rhabditida, Spirurina, Spiruromorpha, Physalopteroidea, Physalopteridae, Heliconema",,parasite,animal parasites,aquatic,fish,stomach,,,,,,,,,
-0.46,Ancylostoma duodenale,Ancylostomatidae,"Eukaryota, Metazoa, Ecdysozoa, Nematoda, Chromadorea, Strongylida, Ancylostomatoidea, Ancylostomatidae, Ancylostomatinae, Ancylostoma",,parasite,animal parasites,vertebrate,"humans, cats, dogs",intestine,,,,,,,,,
-0.45,Protostrongylus rufescens,Protostrongylidae,"Eukaryota, Metazoa, Ecdysozoa, Nematoda, Chromadorea, Strongylida, Metastrongyloidea, Protostrongylidae, Protostrongylinae, Protostrongylus",,parasite,,vertebrate,"sheep, goats",lungs,,,,,,,,,
-0.42,Caenorhabditis nouraguensis,Rhabditidae,"Eukaryota, Metazoa, Ecdysozoa, Nematoda, Chromadorea, Rhabditida, Rhabditina, Rhabditomorpha, Rhabditoidea, Rhabditidae, Peloderinae, Caenorhabditis",1,free,bacteria feeders,,,,,,,,,,,,
-0.40,Dictyocaulus eckerti,Dictyocaulidae,"Eukaryota, Metazoa, Ecdysozoa, Nematoda, Chromadorea, Strongylida, Trichostrongyloidea, Dictyocaulidae, Dictyocaulinae, Dictyocaulus",,,,,,,,,,,,,,,
-0.37,Bunostomum trigonocephalum,Ancylostomatidae,"Eukaryota, Metazoa, Ecdysozoa, Nematoda, Chromadorea, Strongylida, Ancylostomatoidea, Ancylostomatidae, Bunostominae, Bunostomum",,parasite,,vertebrate,lambs,,,,,,,,,,
-0.35,Contracaecum osculatum,Anisakidae,"Eukaryota, Metazoa, Ecdysozoa, Nematoda, Chromadorea, Rhabditida, Spirurina, Ascaridomorpha, Ascaridoidea, Anisakidae, Contracaecum",,parasite,,aquatic,"seals, cod",,,,,,,,,,
-0.35,Angiostrongylus costaricensis,Angiostrongylidae (Metastrongylidae?),"Eukaryota, Metazoa, Ecdysozoa, Nematoda, Chromadorea, Strongylida, Metastrongyloidea, Angiostrongylidae, Angiostrongylus",,parasite,animal parasites,vertebrate,rats (humans),pulmonary arteria,,,,,,,,,
-0.35,Aphelenchoides besseyi,Aphelenchoididae,"Eukaryota, Metazoa, Ecdysozoa, Nematoda, Chromadorea, Rhabditida, Tylenchina, Tylenchomorpha, Aphelenchoidea, Aphelenchoididae, Aphelenchoides",2,parasite,fungus feeders,plant,"strawberry, rice",,,,,,,,,,
-0.32,Caenorhabditis wallacei,Rhabditidae,"Eukaryota, Metazoa, Ecdysozoa, Nematoda, Chromadorea, Rhabditida, Rhabditina, Rhabditomorpha, Rhabditoidea, Rhabditidae, Peloderinae, Caenorhabditis",1,free,bacteria feeders,,,,,,,,,,,,
-0.32,Caenorhabditis plicata,Rhabditidae,"Eukaryota, Metazoa, Ecdysozoa, Nematoda, Chromadorea, Rhabditida, Rhabditina, Rhabditomorpha, Rhabditoidea, Rhabditidae, Peloderinae, Caenorhabditis",1,free,bacteria feeders,,,,,,,,,,,,
-0.29,Ancylostoma tubaeforme,Ancylostomatidae,"Eukaryota, Metazoa, Ecdysozoa, Nematoda, Chromadorea, Strongylida, Ancylostomatoidea, Ancylostomatidae, Ancylostomatinae, Ancylostoma",,parasite,animal parasites,vertebrate,cats,,,,,,,,,,
-0.28,Hypodontus macropi,Chabertiidae,"Eukaryota, Metazoa, Ecdysozoa, Nematoda, Chromadorea, Strongylida, Strongyloidea, Chabertiidae, Phascolostrongylinae, Hypodontus",,parasite,,vertebrate,"kangaroos, wallabies",intestine,,,,,,,,,
-0.25,Nematodirus spathiger,Molineidae,"Eukaryota, Metazoa, Ecdysozoa, Nematoda, Chromadorea, Strongylida, Molineoidea, Molineidae, Nematodirus",,parasite,animal parasites,vertebrate,ruminants,,,,,,,,,,
-0.25,Oesophagostomum columbianum,Chabertiidae,"Eukaryota, Metazoa, Ecdysozoa, Nematoda, Chromadorea, Strongylida, Strongyloidea, Chabertiidae, Oesophagostominae, Oesophagostomum",,parasite,animal parasites,vertebrate,"sheeps, goats",,,,,,,,,,
-0.22,Syngamus trachea,Syngamidae,"Eukaryota, Metazoa, Ecdysozoa, Nematoda, Chromadorea, Strongylida, Strongyloidea, Syngamidae, Syngamus",,parasite,,vertebrate,chicken,,,,,,,,,,
-0.19,Cucullanus robustus,Cucullanidae,"Eukaryota, Metazoa, Ecdysozoa, Nematoda, Chromadorea, Rhabditida, Spirurina, Ascaridomorpha, Seuratoidea, Cucullanidae, Cucullanus",,parasite,animal parasites,aquatic,fish,,,,,,,,,,
-0.19,Gnathostoma doloresi,Gnathostomatidae,"Eukaryota, Metazoa, Ecdysozoa, Nematoda, Chromadorea, Rhabditida, Spirurina, Gnathostomatomorpha, Gnathostomatoidea, Gnathostomatidae, Gnathostoma",,parasite,animal parasites,vertebrate,pigs (humans),,,,,,,,,,
-0.18,Steinernema litorale,Steinernematidae,"Eukaryota, Metazoa, Ecdysozoa, Nematoda, Chromadorea, Rhabditida, Tylenchina, Panagrolaimomorpha, Strongyloidoidea, Steinernematidae, Steinernema",2,,bacteria feeders,,,,,,,,,,,,
-0.13,Nippostrongylus brasiliensis,Heligmonellidae,"Eukaryota, Metazoa, Ecdysozoa, Nematoda, Chromadorea, Strongylida, Trichostrongyloidea, Heligmonellidae, Nippostrongylinae, Nippostrongylus",,parasite,,vertebrate,rats,,,,,,,,,,
-0.09,Meloidogyne graminicola,Meloidogynidae,"Eukaryota, Metazoa, Ecdysozoa, Nematoda, Chromadorea, Rhabditida, Tylenchina, Tylenchomorpha, Tylenchoidea, Meloidogynidae, Meloidogyninae, Meloidogyne",3,parasite,plant feeders,plant,,,,,,,,,,,
-0.08,Strongylus vulgaris,Strongylidae,"Eukaryota, Metazoa, Ecdysozoa, Nematoda, Chromadorea, Strongylida, Strongyloidea, Strongylidae, Strongylinae, Strongylus",,parasite,animal parasites,vertebrate,horses,,,,,,,,,,
-0.05,Allodiplogaster sudhausi,Diplogasteridae,"Eukaryota, Metazoa, Ecdysozoa, Nematoda, Chromadorea, Rhabditida, Rhabditina, Diplogasteromorpha, Diplogasteroidea, Diplogasteridae, Allodiplogaster",1,free,,,,,,,,,,,,,
-0.03,Bursaphelenchus mucronatus,Aphelenchoididae,"Eukaryota, Metazoa, Ecdysozoa, Nematoda, Chromadorea, Rhabditida, Tylenchina, Tylenchomorpha, Aphelenchoidea, Aphelenchoididae, Bursaphelenchus",2,parasite,plant feeders,plant,pine trees,,,,,,,,,,
-0.03,Ancylostoma ceylanicum,Ancylostomatidae,"Eukaryota, Metazoa, Ecdysozoa, Nematoda, Chromadorea, Strongylida, Ancylostomatoidea, Ancylostomatidae, Ancylostomatinae, Ancylostoma",,parasite,animal parasites,vertebrate,"dogs,cats, rarely humans",,,,,,,,,,
-0.02,Caenorhabditis virilis,Rhabditidae,"Eukaryota, Metazoa, Ecdysozoa, Nematoda, Chromadorea, Rhabditida, Rhabditina, Rhabditomorpha, Rhabditoidea, Rhabditidae, Peloderinae, Caenorhabditis",1,free,bacteria feeders,,,,,,,,,,,,
0.02,Caenorhabditis nigoni,Rhabditidae,"Eukaryota, Metazoa, Ecdysozoa, Nematoda, Chromadorea, Rhabditida, Rhabditina, Rhabditomorpha, Rhabditoidea, Rhabditidae, Peloderinae, Caenorhabditis",1,free,bacteria feeders,,,,,,,,,,,,
0.04,Nematodirus oiratianus,Molineidae,"Eukaryota, Metazoa, Ecdysozoa, Nematoda, Chromadorea, Strongylida, Molineoidea, Molineidae, Nematodirus",,parasite,animal parasites,vertebrate,ruminants,,,,,,,,,,
0.06,Oesophagostomum asperum,Chabertiidae,"Eukaryota, Metazoa, Ecdysozoa, Nematoda, Chromadorea, Strongylida, Strongyloidea, Chabertiidae, Oesophagostominae, Oesophagostomum",,parasite,animal parasites,vertebrate,goats,,,,,,,,,,
0.09,Uncinaria sanguinis,Ancylostomatidae,"Eukaryota, Metazoa, Ecdysozoa, Nematoda, Chromadorea, Strongylida, Ancylostomatoidea, Ancylostomatidae, Ancylostomatinae, Uncinaria",,parasite,,aquatic,sea lion,,,,,,,,,,
0.10,Strongylus equinus,Strongylidae,"Eukaryota, Metazoa, Ecdysozoa, Nematoda, Chromadorea, Strongylida, Strongyloidea, Strongylidae, Strongylinae, Strongylus",,parasite,animal parasites,vertebrate,horses,intestine,,,,,,,,,
0.11,Marshallagia marshalli,Haemonchidae,"Eukaryota, Metazoa, Ecdysozoa, Nematoda, Chromadorea, Strongylida, Trichostrongyloidea, Haemonchidae, Marshallagia",,parasite,,vertebrate,ruminants,,,,,,,,,,
0.12,Macropicola ocydromi,Chabertiidae,"Eukaryota, Metazoa, Ecdysozoa, Nematoda, Chromadorea, Strongylida, Strongyloidea, Chabertiidae, Phascolostrongylinae, Macropicola",,parasite,,vertebrate,marsupials,,,,,,,,,,
0.13,Oesophagostomum dentatum,Chabertiidae,"Eukaryota, Metazoa, Ecdysozoa, Nematoda, Chromadorea, Strongylida, Strongyloidea, Chabertiidae, Oesophagostominae, Oesophagostomum",,parasite,animal parasites,vertebrate,pigs,,,,,,,,,,
0.13,Panagrellus redivivus,Panagrolaimidae,"Eukaryota, Metazoa, Ecdysozoa, Nematoda, Chromadorea, Rhabditida, Tylenchina, Panagrolaimomorpha, Panagrolaimoidea, Panagrolaimidae, Panagrellus",1,,bacteria feeders,,,,,,,,,,,,
0.15,Caenorhabditis remanei,Rhabditidae,"Eukaryota, Metazoa, Ecdysozoa, Nematoda, Chromadorea, Rhabditida, Rhabditina, Rhabditomorpha, Rhabditoidea, Rhabditidae, Peloderinae, Caenorhabditis",1,free,bacteria feeders,,,,,,,,,,,,
0.18,Ascaridia columbae,Ascaridiidae,"Eukaryota, Metazoa, Ecdysozoa, Nematoda, Chromadorea, Rhabditida, Spirurina, Ascaridomorpha, Heterakoidea, Ascaridiidae, Ascaridia",,parasite,animal parasites,vertebrate,"pigeons, doves",,,,,,,,,,
0.18,Bursaphelenchus xylophilus,Aphelenchoididae,"Eukaryota, Metazoa, Ecdysozoa, Nematoda, Chromadorea, Rhabditida, Tylenchina, Tylenchomorpha, Aphelenchoidea, Aphelenchoididae, Bursaphelenchus",2,parasite,plant feeders,plant,pine trees,,,,,,,,,,
0.20,Rhigonema thysanophora,Rhigonematidae,"Eukaryota, Metazoa, Ecdysozoa, Nematoda, Chromadorea, Rhabditida, Spirurina, Rhigonematomorpha, Rhigonematoidea, Rhigonematidae, Rhigonema",,parasite,animal parasites,invertebrate,millipede,,,,,,,,,,
0.21,Meloidogyne enterolobii,Meloidogynidae,"Eukaryota, Metazoa, Ecdysozoa, Nematoda, Chromadorea, Rhabditida, Tylenchina, Tylenchomorpha, Tylenchoidea, Meloidogynidae, Meloidogyninae, Meloidogyne",3,parasite,plant feeders,plant,,,,,,,,,,,
0.21,Caenorhabditis afra,Rhabditidae,"Eukaryota, Metazoa, Ecdysozoa, Nematoda, Chromadorea, Rhabditida, Rhabditina, Rhabditomorpha, Rhabditoidea, Rhabditidae, Peloderinae, Caenorhabditis",1,free,bacteria feeders,,,,,,,,,,maybe cp-index for caenorhabditis is 3.... ,,
0.30,Meloidogyne javanica,Meloidogynidae,"Eukaryota, Metazoa, Ecdysozoa, Nematoda, Chromadorea, Rhabditida, Tylenchina, Tylenchomorpha, Tylenchoidea, Meloidogynidae, Meloidogyninae, Meloidogyne, Meloidogyne incognita group",3,parasite,plant feeders,plant,,,,,,,,,,,
0.31,Meloidogyne incognita,Meloidogynidae,"Eukaryota, Metazoa, Ecdysozoa, Nematoda, Chromadorea, Rhabditida, Tylenchina, Tylenchomorpha, Tylenchoidea, Meloidogynidae, Meloidogyninae, Meloidogyne, Meloidogyne incognita group",3,parasite,plant feeders,plant,,,,,,,,,,,
0.33,Meloidogyne arenaria,Meloidogynidae,"Eukaryota, Metazoa, Ecdysozoa, Nematoda, Chromadorea, Rhabditida, Tylenchina, Tylenchomorpha, Tylenchoidea, Meloidogynidae, Meloidogyninae, Meloidogyne, Meloidogyne incognita group",3,parasite,plant feeders,plant,,,,,,,,,,,
0.34,Cylicocyclus insigne,Strongylidae,"Eukaryota, Metazoa, Ecdysozoa, Nematoda, Chromadorea, Strongylida, Strongyloidea, Strongylidae, Cyathostominae, Cylicocyclus",,parasite,animal parasites,vertebrate,horses,,,,,,,,,,
0.38,Cyathostomum catinatum,Strongylidae,"Eukaryota, Metazoa, Ecdysozoa, Nematoda, Chromadorea, Strongylida, Strongyloidea, Strongylidae, Cyathostominae, Cyathostomum",,parasite,animal parasites,vertebrate,"mule (in India, Australia)",,,,,,,,,,
0.38,Poteriostomum imparidentatum,Strongylidae,"Eukaryota, Metazoa, Ecdysozoa, Nematoda, Chromadorea, Strongylida, Strongyloidea, Strongylidae, Cyathostominae, Poteriostomum",,parasite,animal parasites,vertebrate,horses,,,,,,,,,,
0.39,Philometroides sanguineus,Philometridae,"Eukaryota, Metazoa, Ecdysozoa, Nematoda, Chromadorea, Rhabditida, Spirurina, Dracunculoidea, Philometridae, Philometroides",,parasite,animal parasites,aquatic,freshwater fishes,,,,,,,,,,
0.40,Oesophagostomum quadrispinulatum,Chabertiidae,"Eukaryota, Metazoa, Ecdysozoa, Nematoda, Chromadorea, Strongylida, Strongyloidea, Chabertiidae, Oesophagostominae, Oesophagostomum",,parasite,animal parasites,vertebrate,pigs,,,,,,,,,,
0.41,Chabertia erschowi,Chabertiidae,"Eukaryota, Metazoa, Ecdysozoa, Nematoda, Chromadorea, Strongylida, Strongyloidea, Chabertiidae, Chabertiinae, Chabertia",,parasite,,,,,,,,,,,,,
0.41,Trichostrongylus axei,Strongylidae,"Eukaryota, Metazoa, Ecdysozoa, Nematoda, Chromadorea, Strongylida, Trichostrongyloidea, Trichostrongylidae, Trichostrongylus",,parasite,animal parasites,vertebrate,horses,,,,,,,,,,
0.44,Acrobeloides varius,Cephalobidae,"Eukaryota, Metazoa, Ecdysozoa, Nematoda, Chromadorea, Rhabditida, Tylenchina, Cephalobomorpha, Cephaloboidea, Cephalobidae, Acrobeloides",2,,bacteria feeders,,,,,,,,,,,,
0.44,Chabertia ovina,Chabertiidae,"Eukaryota, Metazoa, Ecdysozoa, Nematoda, Chromadorea, Strongylida, Strongyloidea, Chabertiidae, Chabertiinae, Chabertia",,parasite,,vertebrate,small ruminants,,,,,,,,,,
0.47,Cylicodontophorus bicoronatus,Strongylidae,"Eukaryota, Metazoa, Ecdysozoa, Nematoda, Chromadorea, Strongylida, Strongyloidea, Strongylidae, Cyathostominae, Cylicodontophorus",,parasite,animal parasites,vertebrate,horses,,,,,,,,,,
0.48,Haemonchus contortus,Haemonchidae,"Eukaryota, Metazoa, Ecdysozoa, Nematoda, Chromadorea, Strongylida, Trichostrongyloidea, Haemonchidae, Haemonchus",,parasite,animal parasites,vertebrate,ruminants,,,,,,,,,,
0.48,Cylicocyclus nassatus,Strongylidae,"Eukaryota, Metazoa, Ecdysozoa, Nematoda, Chromadorea, Strongylida, Strongyloidea, Strongylidae, Cyathostominae, Cylicocyclus",,parasite,animal parasites,vertebrate,horses,intestine,,,,,,,,,
0.48,Cyathostomum pateratum,Strongylidae,"Eukaryota, Metazoa, Ecdysozoa, Nematoda, Chromadorea, Strongylida, Strongyloidea, Strongylidae, Cyathostominae, Cyathostomum",,parasite,animal parasites,vertebrate,equines,intestine,,,,,,,,,
0.52,Cylicocyclus radiatus,Strongylidae,"Eukaryota, Metazoa, Ecdysozoa, Nematoda, Chromadorea, Strongylida, Strongyloidea, Strongylidae, Cyathostominae, Cylicocyclus",,parasite,animal parasites,vertebrate,"horses, donkeys",,,,,,,,,,
0.52,Mecistocirrus digitatus,Haemonchidae,"Eukaryota, Metazoa, Ecdysozoa, Nematoda, Chromadorea, Strongylida, Trichostrongyloidea, Haemonchidae, Mecistocirrus",,parasite,,vertebrate,"cattle, sheep, goats, pigs",,,,,,,,,,
0.54,Haemonchus placei,Haemonchidae,"Eukaryota, Metazoa, Ecdysozoa, Nematoda, Chromadorea, Strongylida, Trichostrongyloidea, Haemonchidae, Haemonchus",,parasite,animal parasites,vertebrate,cattle,,,,,,,,,,
0.54,Trichostrongylus vitrinus,Strongylidae,"Eukaryota, Metazoa, Ecdysozoa, Nematoda, Chromadorea, Strongylida, Trichostrongyloidea, Trichostrongylidae, Trichostrongylus",,parasite,animal parasites,vertebrate,livestock,,,,,,,,,,
0.57,Caenorhabditis castelli,Rhabditidae,"Eukaryota, Metazoa, Ecdysozoa, Nematoda, Chromadorea, Rhabditida, Rhabditina, Rhabditomorpha, Rhabditoidea, Rhabditidae, Peloderinae, Caenorhabditis",1,free,bacteria feeders,,,,,,,,,,,,
0.58,Triodontophorus serratus,Strongylidae,"Eukaryota, Metazoa, Ecdysozoa, Nematoda, Chromadorea, Strongylida, Strongyloidea, Strongylidae, Strongylinae, Triodontophorus",,parasite,animal parasites,vertebrate,horses,,,,,,,,,,
0.60,Teladorsagia circumcincta,Haemonchidae,"Eukaryota, Metazoa, Ecdysozoa, Nematoda, Chromadorea, Strongylida, Trichostrongyloidea, Haemonchidae, Teladorsagia",,parasite,animal parasites,vertebrate,"ruminants (sheep, goats) (in cool climate)",,,,,,,,,,
0.60,Cylicocyclus ashworthi,Strongylidae,"Eukaryota, Metazoa, Ecdysozoa, Nematoda, Chromadorea, Strongylida, Strongyloidea, Strongylidae, Cyathostominae, Cylicocyclus",,parasite,animal parasites,vertebrate,horses,,,,,,,,,,
0.60,Caenorhabditis angaria,Rhabditidae,"Eukaryota, Metazoa, Ecdysozoa, Nematoda, Chromadorea, Rhabditida, Rhabditina, Rhabditomorpha, Rhabditoidea, Rhabditidae, Peloderinae, Caenorhabditis",1,free,bacteria feeders,,,,,,,,,,,,
0.65,Triodontophorus nipponicus,Strongylidae,"Eukaryota, Metazoa, Ecdysozoa, Nematoda, Chromadorea, Strongylida, Strongyloidea, Strongylidae, Strongylinae, Triodontophorus",,parasite,animal parasites,vertebrate,horses,,,,,,,,,,
0.67,Cylicocyclus auriculatus,Strongylidae,"Eukaryota, Metazoa, Ecdysozoa, Nematoda, Chromadorea, Strongylida, Strongyloidea, Strongylidae, Cyathostominae, Cylicocyclus",,parasite,animal parasites,vertebrate,horses,,,,,,,,,,
0.75,Triodontophorus brevicauda,Strongylidae,"Eukaryota, Metazoa, Ecdysozoa, Nematoda, Chromadorea, Strongylida, Strongyloidea, Strongylidae, Strongylinae, Triodontophorus",,parasite,animal parasites,vertebrate,horses,,,,,,,,,,
0.77,Strongyloides papillosus,Strongyloididae,"Eukaryota, Metazoa, Ecdysozoa, Nematoda, Chromadorea, Rhabditida, Tylenchina, Panagrolaimomorpha, Strongyloidoidea, Strongyloididae, Strongyloides",,,animal parasites,,,,,,,,,,,,
0.91,Cylicostephanus minutus,Strongylidae,"Eukaryota, Metazoa, Ecdysozoa, Nematoda, Chromadorea, Strongylida, Strongyloidea, Strongylidae, Cyathostominae, Cylicostephanus",,parasite,animal parasites,vertebrate,horses,,,,,,,,,,
1.03,Pristionchus pacificus,Neodiplogasteridae,"Eukaryota, Metazoa, Ecdysozoa, Nematoda, Chromadorea, Rhabditida, Rhabditina, Diplogasteromorpha, Diplogasteroidea, Neodiplogasteridae, Pristionchus",1,free,predators,,,,,,,,,,,,
1.18,Xiphinema pachtaicum,Longidoridae,"Eukaryota, Metazoa, Ecdysozoa, Nematoda, Enoplea, Dorylaimia, Dorylaimida, Dorylaimina, Longidoroidea, Longidoridae, Xiphinema",5,,plant feeders,,,,,,,,,,,,
1.23,Caenorhabditis elegans,Rhabditidae,"Eukaryota, Metazoa, Ecdysozoa, Nematoda, Chromadorea, Rhabditida, Rhabditina, Rhabditomorpha, Rhabditoidea, Rhabditidae, Peloderinae, Caenorhabditis",1,free,bacteria feeders,,,,,,,,,,,,
1.24,Romanomermis nielseni,Mermithidae,"Eukaryota, Metazoa, Ecdysozoa, Nematoda, Enoplea, Dorylaimia, Mermithida, Mermithoidea, Mermithidae, Romanomermis",,,animal parasites,,,,,,,,,mosquito <=> mosquito,Mermithidae is a family of nematode worms that are endoparasites in arthropods,,
1.59,Hexamermis agrotis,Mermithidae,"Eukaryota, Metazoa, Ecdysozoa, Nematoda, Enoplea, Dorylaimia, Mermithida, Mermithoidea, Mermithidae, Hexamermis",,,animal parasites,,,,,,,,,,,,
1.62,Agamermis sp. BH-2006,Mermithidae,"Eukaryota, Metazoa, Ecdysozoa, Nematoda, Enoplea, Dorylaimia, Mermithida, Mermithoidea, Mermithidae, Agamermis, unclassified Agamermis",,,,,,,,,,,,,,,
1.68,Xiphinema rivesi,Longidoridae,"Eukaryota, Metazoa, Ecdysozoa, Nematoda, Enoplea, Dorylaimia, Dorylaimida, Dorylaimina, Longidoroidea, Longidoridae, Xiphinema",5,,plant feeders,,,,,,,,,,,,
1.74,Romanomermis culicivorax,Mermithidae,"Eukaryota, Metazoa, Ecdysozoa, Nematoda, Enoplea, Dorylaimia, Mermithida, Mermithoidea, Mermithidae, Romanomermis",,,animal parasites,,,,,,,,,mosquito <=> mosquito,Mermithidae is a family of nematode worms that are endoparasites in arthropods,,
1.80,Strelkovimermis spiculatus,Mermithidae,"Eukaryota, Metazoa, Ecdysozoa, Nematoda, Enoplea, Dorylaimia, Mermithida, Mermithoidea, Mermithidae, Strelkovimermis",,,animal parasites,,,,,,,,,mosquito <=> mosquito,Mermithidae is a family of nematode worms that are endoparasites in arthropods,,
2.03,Romanomermis iyengari,Mermithidae,"Eukaryota, Metazoa, Ecdysozoa, Nematoda, Enoplea, Dorylaimia, Mermithida, Mermithoidea, Mermithidae, Romanomermis",,,animal parasites,,,,,,,,,mosquito <=> mosquito,Mermithidae is a family of nematode worms that are endoparasites in arthropods,,
2.22,Xiphinema americanum,Longidoridae,"Eukaryota, Metazoa, Ecdysozoa, Nematoda, Enoplea, Dorylaimia, Dorylaimida, Dorylaimina, Longidoroidea, Longidoridae, Xiphinema",5,,plant feeders,,,,,,,,,plant pathogenic nematode,Field evidence taken over a 2-year observation period indicates that X. americanum are most likely k-selected; they most likely have a long life span and a low reproduction rate.[11] Unpublished results have shown greenhouse observations of X. americanum to develop from egg to adult in 7 months.[7] Other results have suggested that X. americanum can live as long as 3–5 years.,https://en.wikipedia.org/wiki/Xiphinema_americanum,mainly asexual reprodiction  to the lack of males
2.24,Trichuris muris,Trichuridae,"Eukaryota, Metazoa, Ecdysozoa, Nematoda, Enoplea, Dorylaimia, Trichinellida, Trichuridae, Trichuris",,,animal parasites,,,,,,,,,stool <=> mammals,"The unembryonated eggs are passed with the stool The number 1. In the soil, the eggs develop into a 2-cell stage The number 2, an advanced cleavage stage The number 3, and then they embryonate The number 4; eggs become infective in 15 to 30 days [HOW MANY DAYS THEY STAY ALIVE?]. After ingestion (soil-contaminated hands or food), the eggs hatch in the small intestine, and release larvae The number 5 that mature and establish themselves as adults in the colon The number 6. The adult worms (approximately 4 cm in length) live in the cecum and ascending colon. The adult worms are fixed in that location, with the anterior portions threaded into the mucosa. The females begin to oviposit 60 to 70 days after infection. Female worms in the cecum shed between 3,000 and 20,000 eggs per day. The life span of the adults is about 1 year.",https://www.cdc.gov/parasites/whipworm/biology.html,
2.38,Eucoleus annulatus,Capillariidae,"Eukaryota, Metazoa, Ecdysozoa, Nematoda, Enoplea, Dorylaimia, Trichinellida, Capillariidae, Eucoleus",,,,,,,,,,,,earthworm <=> birds,"Some Capillaria species (e.g. Capillaria anatis, Capillaria obsignata) have a direct life cycle, i.e. there are no intermediate hosts involved. Larvae develop inside the eggs passed in the feces and become infective in 7 to 50 days, depending on species, temperature and humidity. Domestic and wild birds ingest these infective eggs with contaminated food or water. These eggs can remain infective in the environment (soil, litter, etc.) for months and can survive frost.  Other species (e.g. Capillaria annulata, Capillaria bursata, Capillaria caudinflata) have various earthworm species (e.g. Lumbricus, Eisenia, etc.) as obligate intermediate hosts. These earthworms ingest the eggs, and the eggs release the larvae inside the worms. These larvae become infective in 2 to 4 weeks. Inside the earthworms infective larvae can survive for years.",https://parasitipedia.net/index.php?option=com_content&view=article&id=2649&Itemid=2938,
2.40,Paralongidorus litoralis,Longidoridae,"Eukaryota, Metazoa, Ecdysozoa, Nematoda, Enoplea, Dorylaimia, Dorylaimida, Dorylaimina, Longidoroidea, Longidoridae, Paralongidorus",5,,plant feeders,,,,,,,,,plant-parasitic nematodes,,,
2.57,Thaumamermis cosgrovei,Mermithidae,"Eukaryota, Metazoa, Ecdysozoa, Nematoda, Enoplea, Dorylaimia, Mermithida, Mermithoidea, Mermithidae, Thaumamermis",,,animal parasites,,,,,,,,,obligate parasite of the terrestrial isopod Armadillidium vulgare ,"Other species (e.g. Capillaria annulata, Capillaria bursata, Capillaria caudinflata) have various earthworm species (e.g. Lumbricus, Eisenia, etc.) as obligate intermediate hosts. These earthworms ingest the eggs, and the eggs release the larvae inside the worms. These larvae become infective in 2 to 4 weeks. Inside the earthworms infective larvae can survive for years.",https://www.ncbi.nlm.nih.gov/pmc/articles/PMC1894580/,
2.89,Trichuris ovis,Trichuridae,"Eukaryota, Metazoa, Ecdysozoa, Nematoda, Enoplea, Dorylaimia, Trichinellida, Trichuridae, Trichuris",,,animal parasites,,,,,,,,,stool <=> mammals,"The unembryonated eggs are passed with the stool The number 1. In the soil, the eggs develop into a 2-cell stage The number 2, an advanced cleavage stage The number 3, and then they embryonate The number 4; eggs become infective in 15 to 30 days [HOW MANY DAYS THEY STAY ALIVE?]. After ingestion (soil-contaminated hands or food), the eggs hatch in the small intestine, and release larvae The number 5 that mature and establish themselves as adults in the colon The number 6. The adult worms (approximately 4 cm in length) live in the cecum and ascending colon. The adult worms are fixed in that location, with the anterior portions threaded into the mucosa. The females begin to oviposit 60 to 70 days after infection. Female worms in the cecum shed between 3,000 and 20,000 eggs per day. The life span of the adults is about 1 year.",https://www.cdc.gov/parasites/whipworm/biology.html,
2.94,Trichuris discolor,Trichuridae,"Eukaryota, Metazoa, Ecdysozoa, Nematoda, Enoplea, Dorylaimia, Trichinellida, Trichuridae, Trichuris",,,animal parasites,,,,,,,,,stool <=> mammals,"The unembryonated eggs are passed with the stool The number 1. In the soil, the eggs develop into a 2-cell stage The number 2, an advanced cleavage stage The number 3, and then they embryonate The number 4; eggs become infective in 15 to 30 days [HOW MANY DAYS THEY STAY ALIVE?]. After ingestion (soil-contaminated hands or food), the eggs hatch in the small intestine, and release larvae The number 5 that mature and establish themselves as adults in the colon The number 6. The adult worms (approximately 4 cm in length) live in the cecum and ascending colon. The adult worms are fixed in that location, with the anterior portions threaded into the mucosa. The females begin to oviposit 60 to 70 days after infection. Female worms in the cecum shed between 3,000 and 20,000 eggs per day. The life span of the adults is about 1 year.",https://www.cdc.gov/parasites/whipworm/biology.html,
2.95,Longidorus vineacola,Longidoridae,"Eukaryota, Metazoa, Ecdysozoa, Nematoda, Enoplea, Dorylaimia, Dorylaimida, Dorylaimina, Longidoroidea, Longidoridae, Longidorus",5,,plant feeders,,,,,,,,,needle nematodes,"Needle nematodes, like dagger nematodes, are very large, ranging in length from 2 to 8 mm. ",,
3.27,Trichuris suis,Trichuridae,"Eukaryota, Metazoa, Ecdysozoa, Nematoda, Enoplea, Dorylaimia, Trichinellida, Trichuridae, Trichuris",,,animal parasites,,,,,,,,,stool <=> mammals,"The unembryonated eggs are passed with the stool The number 1. In the soil, the eggs develop into a 2-cell stage The number 2, an advanced cleavage stage The number 3, and then they embryonate The number 4; eggs become infective in 15 to 30 days [HOW MANY DAYS THEY STAY ALIVE?]. After ingestion (soil-contaminated hands or food), the eggs hatch in the small intestine, and release larvae The number 5 that mature and establish themselves as adults in the colon The number 6. The adult worms (approximately 4 cm in length) live in the cecum and ascending colon. The adult worms are fixed in that location, with the anterior portions threaded into the mucosa. The females begin to oviposit 60 to 70 days after infection. Female worms in the cecum shed between 3,000 and 20,000 eggs per day. The life span of the adults is about 1 year.",https://www.cdc.gov/parasites/whipworm/biology.html,
3.86,Trichuris trichiura,Trichuridae,"Eukaryota, Metazoa, Ecdysozoa, Nematoda, Enoplea, Dorylaimia, Trichinellida, Trichuridae, Trichuris",,,animal parasites,,,,,,,,,stool <=> mammals,"The unembryonated eggs are passed with the stool The number 1. In the soil, the eggs develop into a 2-cell stage The number 2, an advanced cleavage stage The number 3, and then they embryonate The number 4; eggs become infective in 15 to 30 days [HOW MANY DAYS THEY STAY ALIVE?]. After ingestion (soil-contaminated hands or food), the eggs hatch in the small intestine, and release larvae The number 5 that mature and establish themselves as adults in the colon The number 6. The adult worms (approximately 4 cm in length) live in the cecum and ascending colon. The adult worms are fixed in that location, with the anterior portions threaded into the mucosa. The females begin to oviposit 60 to 70 days after infection. Female worms in the cecum shed between 3,000 and 20,000 eggs per day. The life span of the adults is about 1 year.",https://www.cdc.gov/parasites/whipworm/biology.html,
5.10,Trichinella zimbabwensis,Trichinellidae,"Eukaryota, Metazoa, Ecdysozoa, Nematoda, Enoplea, Dorylaimia, Trichinellida, Trichinellidae, Trichinella",,,animal parasites,,,,,,,,,mammals <=> mammals,"Adult worms and encysted larvae develop within a single vertebrate host, and an infected animal serves as a definitive host and potential intermediate host. A second host is required to perpetuate the life cycle of Trichinella. The domestic cycle most often involved pigs and anthropophilic rodents, but other domestic animals such as horses can be involved. In the sylvatic cycle, the range of infected animals is great, but animals most often associated as sources of human infection are bear, moose and wild boar.",https://www.cdc.gov/parasites/trichinellosis/biology.html,
5.12,Trichinella papuae,Trichinellidae,"Eukaryota, Metazoa, Ecdysozoa, Nematoda, Enoplea, Dorylaimia, Trichinellida, Trichinellidae, Trichinella",,,animal parasites,,,,,,,,,mammals <=> mammals,"Adult worms and encysted larvae develop within a single vertebrate host, and an infected animal serves as a definitive host and potential intermediate host. A second host is required to perpetuate the life cycle of Trichinella. The domestic cycle most often involved pigs and anthropophilic rodents, but other domestic animals such as horses can be involved. In the sylvatic cycle, the range of infected animals is great, but animals most often associated as sources of human infection are bear, moose and wild boar.",https://www.cdc.gov/parasites/trichinellosis/biology.html,
5.13,Trichinella britovi,Trichinellidae,"Eukaryota, Metazoa, Ecdysozoa, Nematoda, Enoplea, Dorylaimia, Trichinellida, Trichinellidae, Trichinella",,,animal parasites,,,,,,,,,mammals <=> mammals,"Adult worms and encysted larvae develop within a single vertebrate host, and an infected animal serves as a definitive host and potential intermediate host. A second host is required to perpetuate the life cycle of Trichinella. The domestic cycle most often involved pigs and anthropophilic rodents, but other domestic animals such as horses can be involved. In the sylvatic cycle, the range of infected animals is great, but animals most often associated as sources of human infection are bear, moose and wild boar.",https://www.cdc.gov/parasites/trichinellosis/biology.html,
5.13,Trichinella murrelli,Trichinellidae,"Eukaryota, Metazoa, Ecdysozoa, Nematoda, Enoplea, Dorylaimia, Trichinellida, Trichinellidae, Trichinella",,,animal parasites,,,,,,,,,mammals <=> mammals,"Adult worms and encysted larvae develop within a single vertebrate host, and an infected animal serves as a definitive host and potential intermediate host. A second host is required to perpetuate the life cycle of Trichinella. The domestic cycle most often involved pigs and anthropophilic rodents, but other domestic animals such as horses can be involved. In the sylvatic cycle, the range of infected animals is great, but animals most often associated as sources of human infection are bear, moose and wild boar.",https://www.cdc.gov/parasites/trichinellosis/biology.html,
5.23,Trichinella nelsoni,Trichinellidae,"Eukaryota, Metazoa, Ecdysozoa, Nematoda, Enoplea, Dorylaimia, Trichinellida, Trichinellidae, Trichinella",,,animal parasites,,,,,,,,,mammals <=> mammals,"Adult worms and encysted larvae develop within a single vertebrate host, and an infected animal serves as a definitive host and potential intermediate host. A second host is required to perpetuate the life cycle of Trichinella. The domestic cycle most often involved pigs and anthropophilic rodents, but other domestic animals such as horses can be involved. In the sylvatic cycle, the range of infected animals is great, but animals most often associated as sources of human infection are bear, moose and wild boar.",https://www.cdc.gov/parasites/trichinellosis/biology.html,
5.37,Trichinella nativa,Trichinellidae,"Eukaryota, Metazoa, Ecdysozoa, Nematoda, Enoplea, Dorylaimia, Trichinellida, Trichinellidae, Trichinella",,,animal parasites,,,,,,,,,mammals <=> mammals,"Adult worms and encysted larvae develop within a single vertebrate host, and an infected animal serves as a definitive host and potential intermediate host. A second host is required to perpetuate the life cycle of Trichinella. The domestic cycle most often involved pigs and anthropophilic rodents, but other domestic animals such as horses can be involved. In the sylvatic cycle, the range of infected animals is great, but animals most often associated as sources of human infection are bear, moose and wild boar.",https://www.cdc.gov/parasites/trichinellosis/biology.html,
5.42,Trichinella spiralis,Trichinellidae,"Eukaryota, Metazoa, Ecdysozoa, Nematoda, Enoplea, Dorylaimia, Trichinellida, Trichinellidae, Trichinella",,,animal parasites,,,,,,,,,mammals <=> mammals,"Adult worms and encysted larvae develop within a single vertebrate host, and an infected animal serves as a definitive host and potential intermediate host. A second host is required to perpetuate the life cycle of Trichinella. The domestic cycle most often involved pigs and anthropophilic rodents, but other domestic animals such as horses can be involved. In the sylvatic cycle, the range of infected animals is great, but animals most often associated as sources of human infection are bear, moose and wild boar.",https://www.cdc.gov/parasites/trichinellosis/biology.html,
5.50,Trichinella pseudospiralis,Trichinellidae,"Eukaryota, Metazoa, Ecdysozoa, Nematoda, Enoplea, Dorylaimia, Trichinellida, Trichinellidae, Trichinella",,,animal parasites,,,,,,,,,mammals <=> mammals,"Adult worms and encysted larvae develop within a single vertebrate host, and an infected animal serves as a definitive host and potential intermediate host. A second host is required to perpetuate the life cycle of Trichinella. The domestic cycle most often involved pigs and anthropophilic rodents, but other domestic animals such as horses can be involved. In the sylvatic cycle, the range of infected animals is great, but animals most often associated as sources of human infection are bear, moose and wild boar.",https://www.cdc.gov/parasites/trichinellosis/biology.html,Females are 2.2 mm in length; males 1.2 mm