Species;Family;PutativeFeeding; Cpscaling; FeedingGroup; FunctionalGuild; InternalCode
Abathymermis;Mermithidae;animal parasites; ; ; ; 
Abbreviata;Physalopteridae;animal parasites; ; ; ; 
Abelbolla;Enchelidiidae;marine nematodes; ; ; ; 
Abirovulva;Carnoyidae;animal parasites; ; ; ; 
Ablechroiulus;Rhabditidae;bacteria feeders;1;3;b1;G2211mnu.htm
Abos;Benthimermithidae;animal parasites;;;;
Abunema;Tripylidae;predators;3;5;p3; 
Acanthocheilonema;Onchocercidae;animal parasites;;;;
Acantholaimus;Chromadoridae;marine nematodes; ; ; ;G4781mnu.htm
Acanthomicrolaimus;Microlaimidae;marine nematodes;;;;
Acanthonchus;Cyatholaimidae;marine nematodes; ; ; ;G522mnu.htm
Acanthopharyngoides;Desmodoridae;marine nematodes; ; ; ; 
Acanthopharynx;Desmodoridae;marine nematodes; ; ; ; 
Acanthorhabdias;Rhabdiasidae;animal parasites; ; ; ; 
Acanthoxyuris;Oxyuridae;animal parasites; ; ; ; 
Acanthungella;Ungellidae;animal parasites; ; ; ; 
Acephalodorylaimus;Encholaimidae;fungus feeders;4;2;f4;G931mnu.htm
Achlysiella;Pratylenchidae;plant feeders;3;1;h3; 
Achromadora;Achromadoridae;eucaryote feeders;3;6;e3;G501mnu.htm
Aconchulus;Leptonchidae;fungus feeders;4;2;f4;G7792mnu.htm
Acontylus;Hoplolaimidae;plant feeders;3;1;h3;G001mnu.htm
Acrobeles;Cephalobidae;bacteria feeders;2;3;b2;G264mnu.htm
Acrobeloides;Cephalobidae;bacteria feeders;2;3;b2;G265mnu.htm
Acrobelophis;Cephalobidae;bacteria feeders;2;3;b2;G266mnu.htm
Acrolobus;Cephalobidae;bacteria feeders;2;3;b2;G269mnu.htm
Acromoldavicus;Elaphonematidae;bacteria feeders;2;3;b2;G2613mnu.htm
Acronema;Marimermithidae;marine parasites; ; ; ; 
Acrostichus;Diplogastridae;bacteria feeders;1;3;b1;G328mnu.htm
Acroukranicus;Cephalobidae;bacteria feeders;2;3;b2; 
Actarjania;Comesomatidae;marine nematodes; ; ; ; 
Actinca;Actinolaimidae;omnivores;5;8;o5;G765mnu.htm
Actinolaimoides;Nordiidae;omnivores;4;8;o4;G7131mnu.htm
Actinolaimus;Actinolaimidae;omnivores;5;8;o5;G763mnu.htm
Actinonema;Chromadoridae;marine nematodes; ; ; ; 
Actus;Mylonchulidae;predators;4;5;p4;G657mnu.htm
Aculonchus;Leptonchidae;fungus feeders;4;2;f4;
Acunemella;Nordiidae;omnivores;4;8;o4; 
Adelonema;Diplopeltidae;marine nematodes; ; ; ; 
Adenodelphis;Benthimermithidae;animal parasites; ; ; ; 
Adenolaimus;Aulolaimoididae;omnivores;4;8;o4;G920mnu.htm
Adeuchromadora;Chromadoridae;marine nematodes; ; ; ; 
Adieronema;Drilonematidae;animal parasites; ; ; ; 
Admirandus;Oncholaimidae;marine nematodes; ; ; ; 
Adoncholaimus;Oncholaimidae;marine nematodes; ; ; ; 
Aegialoalaimus;Aegialoalaimidae; ; ; ; ; 
Aelurostrongylus;Metastrongylidae;animal parasites; ; ; ; 
Aenigmenchus;Tylopharyngidae;fungus feeders;2;2;f2; 
Aequalodontium;Axonolaimidae;marine nematodes; ; ; ; 
Aetholaimus;Nygolaimidae;predators;5;5;p5;G671mnu.htm
Afenestrata;Heteroderidae;plant feeders;3;1;h3;G002mnu.htm
Afractinca;Actinolaimidae;omnivores;5;8;o5;G7651mnu.htm
Afractinolaimus;Actinolaimidae;omnivores;5;8;o5; 
Africana;Heterakidae;animal paraqsites; ; ; ; 
Africanema;Trefusiidae;marine nematodes; ; ; ; 
Africanthion;Enoplidae;marine nematodes; ; ; ; 
Afrina;Anguinidae;plant feeders;2;1;h2;G165mnu.htm
Afrodorylaimus;Dorylaimidae;omnivores;4;8;o4;G686mnu.htm
Afronygus;Nygolaimidae;predators;5;5;p5;Nyglidae2mnu.htm
Agamermis ;Mermithidae;animal parasites; ; ; ; 
Aglenchus;Tylenchidae;plant feeders;2;1;h2;G003mnu.htm
Agmodorus;Leptonchidae;fungus feeders;4;2;f4; 
Agrochanus;Skrjabillanidae;animal parasites; ; ; ; 
Akanthepsilonema;Epsilonematidae;marine nematodes; ; ; ;G903mnu.htm
Akrotonus;Aporcelaimidae;omnivores;5;8;o5;
Alaeuris;Pharyngodonidae; ; ; ; ; 
Alaimella;Camacolaimidae;marine nematodes; ; ; ; 
Alaimus;Alaimidae;bacteria feeders;4;3;b4;G631mnu.htm
Algoanema;Chromadoridae;marine nematodes; ; ; ; 
Agamermis ;Mermithidae;animal parasites; ; ; ; 
Alaeuris;Pharyngodonidae;animal parasites; ; ; ; 
Aliascaris;Heterocheilidae;animal parasites; ; ; ; 
Alirhabditis;Alirhabditidae;bacterial feeders;1;3;b1; 
Allgenia;Linhomoidae;marine nematodes; ; ; ; 
Allantonema;Allantonematidae;animal parasites; ; ; ; 
Allodorylaimus;Qudsianematidae;predators;4;5;p4;G723mnu.htm
Alloionema;Alloionematidae;bacteria feeders;1;3;b1;G230mnu.htm
Allomermis ;Mermithidae;animal parasites; ; ; ; 
Allotrichodorus;Trichodoridae;plant feeders;4;1;h3;G146mnu.htm
Allotylenchus;Tylenchidae;plant feeders;2;1;h2;G004mnu.htm
Amblydorylaimus;Qudsianematidae;predators;4;5;p4;
Ammotheristus;Xyalidae;marine nematodes; ; ; ; 
Amphibelondira;Belondiridae;unkmown; ; ; ; 
Amphibiomermis;Mermithidae;animal parasites; ; ; ; 
Amphidelus;Alaimidae;bacteria feeders;4;3;b4;G632mnu.htm
Amphidomermis;Mermithidae;animal parasites; ; ; ; 
Amphidorylaimus;Dorylaimidae;omnivores;4;8;o4;G689mnu.htm
Amphimermis;Mermithidae;animal parasites; ; ; ; 
Amphimonhystera;Xyalidae;marine nematodes; ; ; ; 
Amphimonhystrella;Xyalidae;marine nematodes; ; ; ; 
Amphisbaenema;Criconematidae;plant feeders;3;1;h3;Cricidaemnu.htm
Amplimerlinius;Merliniidae;plant feeders;3;1;h3;G005mnu.htm
Anadorella;Thornenematidae;omnivores;5;8;o5; 
Anandranema;Allantonematidae;animal parasites; ; ; ; 
Ananus;Marimermithidae;marine parasites; ; ; ; 
Anaplectus;Plectidae;bacteria feeders;2;3;b2;G421mnu.htm
Anatonchus;Anatonchidae;predators;4;5;p4;G660mnu.htm
Anatrichosoma;Trichosomoididae;animal parasites; ; ; ; 
Anchobelondira;Belondiridae;unknown; ; ; ; 
Ancylostoma;Ancylostomatidae;animal parasites; ; ; ;G960mnu.htm
Angiostrongylus;Metastrongylidae;animal parasites; ; ; ; 
Anguillonema;Neotylenchidae;fungus feeders;2;2;f2;G1490mnu.htm
Anguilluloides;Panagrolaimidae;bacteria feeders;1;3;b1; 
Anguimonhystera;Monhysteridae;marine nematodes; ; ; ; 
Anguina;Anguinidae;plant feeders;2;1;h2;G006mnu.htm
Anguinoides;Camacolaimidae;marine nematodes; ; ; ; 
Anisakis;Anisakidae;animal parasites; ; ; ;G910mnu.htm
Anomalostoma;Hystrignathidae;animal parasites; ; ; ; 
Anomonema;Leptolaimidae;marine nematodes; ; ; ; 
Anomyctus;Aphelenchoididae;fungus feeders;2;2;f2;G2121mnu.htm
Anonchus;Aphanolaimidae;bacteria feeders;3;3;b3;G4421mnu.htm
Anoplostoma;Anoplostomatidae;marine nematodes; ; ; ; 
Antarctenchus;Tylenchidae;plant feeders;2;1;h2;G007mnu.htm
Antarctylus;Hoplolaimidae;plant feeders;3;1;h3;G008mnu.htm
Antholaimus;Qudsianematidae;predators;4;5;p4;G7711mnu.htm
Anticoma;Anticomidae;marine nematodes; ; ; ; 
Anticyathis;Linhomoeidae;marine nematodes; ; ; ; 
Anticyclus;Linhomoidae;marine nematodes; ; ; ; 
Antomicron;Leptolaimidae;marine nematodes; ; ; ; 
Anuronema;Hystrignathidae;animal parasites; ; ; ; 
Aorolaimus;Hoplolaimidae;plant feeders;3;1;h3;G009mnu.htm
Aoruroides;Thelastomatidae;animal parasites; ; ; ; 
Aphanolaimus;Aphanolaimidae;bacteria feeders;3;3;b3;G442mnu.htm
Aphanonchus;Aphanolaimidae;bacteria feeders;3;3;b3;G443mnu.htm
Aphasmatylenchus;Hoplolaimidae;plant feeders;3;1;h3;G010mnu.htm
Aphelenchoides;Aphelenchoididae;fungus feeders;2;2;f2;G011mnu.htm
Aphelenchulus;Allantonematidae;animal parasites; ; ; ; 
Aphelenchus;Aphelenchidae;fungus feeders;2;2;f2;G012mnu.htm
Aplectana;Cosmocercidae;animal parasites; ; ; ; 
Apodontium;Axonolaimidae;marine nematodes; ; ; ; 
Apodorylaimus;Dorylaimidae;omnivores;4;8;o4; 
Apoleptonchus;Leptonchidae;fungus feeders;4;2;f4; 
Aponcholaimus;Linhomoidae;marine nematodes; ; ; ; 
Aponema;Microlaimidae;marine nematodes; ; ; ; 
Aporcedorus;Aporcelaimidae;omnivores;5;8;o5; 
Aporcelaimellus;Aporcelaimidae;omnivores;5;8;o5;G733mnu.htm
Aporcelaimium;Aporcelaimidae;omnivores;5;8;o5;G734mnu.htm
Aporcelaimoides;Aporcelaimidae;omnivores;5;8;o5; 
Aporcelaimus;Aporcelaimidae;omnivores;5;8;o5;G735mnu.htm
Aporcelinus;Aporcelaimidae;omnivores;5;8;o5;G769mnu.htm
Aporcella;Aporcelaimidae;omnivores;5;8;o5;G737mnu.htm
Apratylenchoides;Pratylenchidae;plant feeders;3;1;h3;G013mnu.htm
Apratylenchus;Pratylenchidae;plant feeders;3;1;h3;G1441mnu.htm
Aprocta;Aproctidae;animal parasites; ; ; ; 
Aproctoides;Aproctidae;animal parasites; ; ; ; 
Aproctonema;Tetradonematidae;animal parasites; ; ; ; 
Aprutides;Aphelenchoididae;fungus feeders;2;2;f2;G212mnu.htm
Aquatides;Nygolaimidae;predators;5;5;p5;G674mnu.htm
Araeolaimus;Diplopeltidae;marine nematodes;;;;
Araguanema;Drilonematidae;animal parasites; ; ; ; 
Arboritynchus;Tylenchidae;plant feeders;2;1;h2;G0301mnu.htm
Archepsilonema;Epsilonematidae;marine nematodes; ; ; ;G905mnu.htm
Arctidorylaimus;Qudsianematidae;predators;4;5;p4;G7232mnu.htm
Arctiplectus;Plectidae;bacteria feeders;2;3;b2; 
Aronema;Enchelidiidae;marine nematodes; ; ; ; 
Arostichus;Diplogastridae;bacteria feeders; ; ; ;G328mnu.htm
Arthrostoma;Ancylostomatidae;animal parasites; ; ; ; 
Artigasia;Hystrignathidae;animal parasites; ; ; ; 
Aruroides;Thelastomatidae;animal parasites; ; ; ; 
Ascaridia;Ascaridiidae;animal parasites; ; ; ; 
Ascaris;Ascarididae;animal parasites; ; ; ; 
Ascarophis;Cystidicolidae;animal parasites; ; ; ; 
Ascolaimus;Axonolaimidae;marine nematodes; ; ; ; 
Ashworthus;Trichostrongylidae;animal parasites; ; ; ; 
Asperotobrilus;Tobrilidae;predators;3;5;p3; 
Aspicularis;Heteroxynematidae;animal parasites;;;;
Aspidonema;Bunonematidae;bacteria feeders;1;3;b1;G254mnu.htm
Astomonema;Siphonolaimidae;marine nematodes; ; ; ; 
Asymmelaimus;Cosmosomatidae;marine nematodes; ; ; ; 
Asymmetrella;Oncholaimidae;marine nematodes; ; ; ; 
Atalodera;Heteroderidae;plant feeders;3;1;h3;G014mnu.htm
Atetylenchus;Tylenchidae;plant feeders;2;1;h2;G015mnu.htm
Athernema;Leptonchidae;fungus feeders;4;2;f4; 
Athusia;Pharyngonematidae;animal parasites; ; ; ; 
Atractis;Atractidae;animal parasites; ; ; ; 
Atylenchus;Tylenchidae;plant feeders;2;1;h2;G016mnu.htm
Auanema;Rhabditidae;bacteria feeders;1;3;b1; 
Aulolaimoides;Aulolaimoididae;omnivores;3;8;o3;G921mnu.htm
Aulolaimus;Isolaimiidae;bacteria feeders;3;3;b3;G561mnu.htm
Australodorus;Longidoridae;plant feeders;5;1;h5;G069mnu.htm
Australonema;Marimermithidae;marine parasites; ; ; ; 
Austroxyuris;Oxyuridae;animal parasites; ; ; ; 
Avioserpens;Dracunculidae;animal parasites; ; ; ; 
Axodorylaimellus;Dorylaimellidae;plant feeders;5;1;h5;G7521mnu.htm
Axonchium;Belondiridae;plant feeders;5;1;h5;G751mnu.htm
Axonchoides;Belondiridae;unknown; ; ; ; 
Axonolaimus;Axonolaimidae;marine nematodes; ; ; ; 
Bakeria;Molineidae;animal parasites; ; ; ; 
Bakernema;Criconematidae;plant feeders;3;3;h3;G017mnu.htm
Baladorylaimus;Dorylaimidae;omnivores;4;8;o4;G683mnu.htm
Baldwinema;Panagrolaimidae;bacteria feeders;1;3;b1;G287mnu.htm
Baqriella;Qudsianematidae;predators;4;5;p4; 
Baruscapillaria;Capillariidae;animal parasites; ; ; ; 
Basiria;Tylenchidae;plant feeders;2;1;h2;G019mnu.htm
Basilaphelenchus;Aphelenchoididae;fungus feeders;2;2;f2;G2194mnu.htm
Basiliophora;Tylenchidae;plant feeders;2;1;h2; 
Basirienchus;Tylenchidae;plant feeders;2;1;h2;G019mnu.htm
Basirotyleptus;Leptonchidae;fungus feeders;4;2;f4;G7823mnu.htm
Bastiania;Bastianiidae;bacteria feeders;3;3;b3;G571mnu.htm
Bathyepsilonema;Epsilonematidae;marine nematodes;;;;G906mnu.htm
Bathyeurystomina;Enchelidiidae;marine nematodes;;;;
Bathylaimella;Linhomoeidae;marine nematodes; ; ; ; 
Bathylaimus;Tripyloididae; ; ; ; ; 
Bathynema;Benthimermithidae;animal parasites; ; ; ; 
Bathynox;Microlaimidae;marine nematodes; ; ; ; 
Bathyodontus;Bathyodontidae;predators;4;5;p5;G641mnu.htm
Baujardia;Panagrolaimidae;bacteria feeders;1;3;b1;G289mnu.htm
Baylisascaris;Ascarididae; ; ; ; ; 
Bealius;Sphaerulariidae;fungus feeders; ; ; ; 
Beaninema;Rhabdochonidae;animal parasites; ; ; ; 
Belaxellus;Belondiridae;unknown; ; ; ; 
Belbolla;Enchelidiidae;marine nematodes; ; ; ;G1500mnu.htm
Bellodera;Heteroderidae;plant feeders;3;1;h3;G020mnu.htm
Belondirella;Belondiridae;plant feeders;5;1;h5;G7573mnu.htm
Belondira;Belondiridae;plant feeders;5;1;h5;G757mnu.htm
Belonolaimus;Dolichodoridae;plant feeders;3;1;h1;G022mnu.htm
Bendiella;Selachinematidae;marine nematodes; ; ; ; 
Benthimermis;Benthimermithidae;animal parasites; ; ; ; 
Bernardius;Enchelidiidae;omnivores;4;8;o4;G1501mnu.htm
Bertzuckermania;Leptonchidae;fungus feeders;4;2;f4;G7824mnu.htm
Beutschlinema;Rhabditidae;bacteria feeders;1;3;b1; 
Biacantha;Molineidae;animal parasites; ; ; ; 
Bicirronema;Bicirronematidae;bacteria feeders;2;3;b2;G918mnu.htm
Bidentostomum;Strongylidae;animal parasites; ; ; ; 
Bilobodera;Heteroderidae;plant feeders;3;1;h3; 
Binema;Travassosinematidae;animal parasites; ; ; ; 
Bispiculum;Tetradonematidae;animal parasites; ; ; ; 
Bitylenchus;Telotylenchidae;plant feeders;3;1;h3;G138mnu.htm
Blandicephalonema;Criconematidae;plant feeders;3;1;h3;G023mnu.htm
Blatticola;Thelastomatidae;animal parasites; ; ; ; 
Blattophila;Thelastomatidae;animal parasites; ; ; ; 
Bolbolaimus;Microlaimidae;marine nematodes; ; ; ; 
Boleodorus;Tylenchidae;plant feeders;2;1;h2;G024mnu.htm
Boomerangia;Tylenchulidae?;plant feeders; ; ; ; 
Boracelanema;Hystrignathidae;animal parasites; ; ; ; 
Boreolaimus;Qudsianematidae;predators;4;5;p4;G7231mnu.htm
Boreomicrolaimoides;Linhomoeidae;marine nematodes; ; ; ; 
Boucherius;Meyliidae;marine nematodes; ; ; ;G414mnu.htm
Bovienema;Allantonematidae;animal parasites; ; ; ; 
Brachonchulus;Mylonchulidae;predators;4;5;p4;G649mnu.htm
Brachydorus;Dolichodoridae;plant feeders;3;1;h3;G025mnu.htm
Bradynema;Allantonematidae;animal parasites; ; ; ; 
Brasilaimus;Actinolaimidae;omnivores;4;8;o4;G764mnu.htm
Brevibucca;Brevibuccidae;bacteria feeders;1;3;b1; 
Brevimulticaecum;Heterocheilidae;animal parasites; ; ; ; 
Brevistoma;Panagrolaimidae;bacteria feeders;1;3;b1; 
Brevitobrilus;Tobrilidae;predators;3;5;p3; 
Brugia;Onchocercidae;animal parasites; ; ; ;G985mnu.htm
Brumptaemilius;Carnoyidae;animal parasites; ; ; ; 
Buckleynema;Quimperiidae;animal parasites; ; ; ; 
Bulaenema;Belondiridae;unknown; ; ; ; 
Bulbodacnitis;Cucullanidae;animal parasites; ; ; ; 
Bunonema;Bunonematidae;bacteria feeders;1;3;b1;G251mnu.htm
Bunostomus;Ancylostomatidae; ; ; ; ; 
Burmanema;Drilonematidae;animal parasites; ; ; ; 
Bursadera;Heteroderidae;plant feeders;3;1;h3;G026mnu.htm
Bursaphelenchus;Aphelenchoididae;plant feeders;2;1;h2;G145mnu.htm
Bursilla;Rhabditidae;bacteria feeders;1;3;b1;G226mnu.htm
Butlerius;Diplogastridae;bacteria feeders;1;3;b1;G323mnu.htm
Caballonema;Strongylidae;animal parasites; ; ; ; 
Cacopaurus;Paratylenchidae;plant feeders;2;1;h2;G027mnu.htm
Cactodera;Heteroderidae;plant feeders;3;1;h3;G028mnu.htm
Caelosia;Hystrignathidae;animal parasites; ; ; ; 
Caenorhabditis;Rhabditidae;bacteria feeders;3;1;b3;G900mnu.htm
Calcaridorylaimus;Dorylaimidae;omnivores;4;8;o4;G6831mnu.htm
Californidorus;Nordiidae;omnivores;4;8;o4;G7161mnu.htm
Caligocanna;Microlaimidae;marine nematodes;;;;
Calligyrus;Desmoscolecidae;marine nematodes;;;;
Calodium;Capillariidae;animal parasites;;;;
Calodorylaimus;Dorylaimidae;omnivores;4;8;o4;G6832mnu.htm
Calolaimus;Mydonomidae;omnivores;4;8;o4;G788mnu.htm
Calomicrolaimus;Microlaimidae;marine nematodes; ; ; ; 
Caloosia;Hemicycliophoridae;plant feeders;3;1;h3;G029mnu.htm
Calyptronema;Enchelidiidae;marine nematodes; ; ; ; 
Camacolaimoides;Camacolaimidae;marine nematodes; ; ; ; 
Camacolaimus;Camacolaimidae;marine nematodes; ; ; ; 
Camallanus;Camallanidae;animal parasites; ; ; ; 
Cameronia;Thelastomatidae;animal parasites; ; ; ; 
Campbellenchus;Tylenchidae;plant feeders;2;1;h2;G030mnu.htm
Campydora;Campydoridae;omnivores;4;8;o4;G797mnu.htm
Campydoroides;Campydoridae;omnivores;4;8;o4;G7973mnu.htm
Campylaimus;Diplopeltidae;marine nematodes; ; ; ; 
Capillaria;Capillariidae;animal parasites; ; ; ; 
Capillispirura;Cystidicolidae;animal parasites;;;;
Capilonchus;Tylencholaimidae;fungus feeders;4;2;f4; 
Capitomermis;Mermithidae;animal parasites; ; ; ; 
Caprionchulus;Onchulidae;predators;3;5;p3; 
Capsula;Xyalidae;marine nematodes; ; ; ; 
Caputonchus;Iotonchidae; ; ; ; ; 
Carcharodiscus;Discolaimidae;predators;4;5;p4; 
Carcharoides;Qudsianematidae;predators;4;5;p4; 
Carcharolaimus;Qudsianematidae;predators;4;5;p4;G771mnu.htm
Cardiofilaria;Oswaldofilariidae;animal parasites; ; ; ; 
Caribenema;Qudsianematidae;predators;4;5;p4; 
Caribplectus;Chronogastridae;bacteria feeders;3;3;b3; 
Carinoscapter;Diploscapteridae;bacteria feeders;1;3;b1; 
Carnoya;Carnoyidae;animal parasites; ; ; ; 
Carphodorus;Dolichodoridae;plant feeders;3;1;h3;G031mnu.htm
Caryboca;Qudsianematidae;predators;4;5;p4; 
Catanema;Stilbonematidae;marine nematodes; ; ; ; 
Cattiena;Carnoyidae;animal parasites; ; ; ; 
Caudpilla;Rhabditidae;bacteria feeders;1;3;b1; 
Caveonchus;Leptonchidae;fungus feeders;4;2;f4;G7827mnu.htm
Caviputa;Amphidelidae;bacteria feeders;4;3;b4;G634mnu.htm
Cephalenchus;Tylenchidae;plant feeders;2;1;h2;G032mnu.htm
Cephalobellus;Thelastomatidae;animal parasites;;;;
Cephalobium;Diplogastridae;insect parasites; ; ; ; 
Cephaloboides;Rhabditidae;bacteria feeders;1;3;b1; 
Cephalobus;Cephalobidae;bacteria feeders;2;3;b2;G261mnu.htm
Cephalodorylaimus;Encholaimidae;fungus feeders;4;2;f4;G930mnu.htn
Ceramonema;Ceramonematidae;marine nematodes; ; ; ; 
Ceratoplectus;Plectidae;bacteria feeders;2;3;b2;G4221mnu.htm
Ceratosolenius;Cylindrocorporidae;insect associates; ; ; ; 
Ceratosphaerolaimus;Sphaerolaimidae;marine nematodes; ; ; ; 
Cercopithifilaria;Onchocercidae;animal parasites; ; ; ; 
Cervidellus;Cephalobidae;bacteria feeders;2;3;b2;G267mnu.htm
Cervoannulatus;Tylenchidae;plant feeders;2;1;h2;G0031mnu.htm
Cervonema;Comesomatidae;marine nematodes; ; ; ;G587mnu.htm
Chabaudgolvania;Quimperiidae;animal parasites; ; ; ; 
Chaetonema;Anoplostomatidae;marine nematodes; ; ; ; 
Chambersiella;Chambersiellidae;bacteria feeders;2;3;b2;G911mnu.htm
Cheilospirura;Spiruridae;animal parasites; ; ; ; 
Chenospiruria;Habronematidae;animal parasites; ; ; ; 
Cherionchus;Selachinematidae;marine nematodes; ; ; ; 
Chilenchus;Tylenchidae;plant feeders;2;1;h2;G0671mnu.htm
Chiloplacoides;Cephalobidae;bacteria feeders;2;3;b2;G2682mnu.htm
Chiloplacus;Cephalobidae;bacteria feeders;2;3;b2;G268mnu.htm
Chiloplectus;Plectidae;bacteria feeders;2;3;b2;G4222mnu.htm
Chitinotylenchus;Anguinidae;plant feeders;2;1;h2;G033mnu.htm
Chitwoodchabaudia;Chitwoodchabaudiidae;animal parasites; ; ; ; 
Chitwoodia;Axonolaimidae;marine nematodes; ; ; ; 
Chitwoodiella;Travassosinematidae;animal parasites; ; ; ; 
Chitwoodielloides;Tylencholaimidae;fungus feeders;4;2;f4; 
Chitwoodiellus;Tylencholaimidae;fungus feeders;4;2;f4;G790mnu.htm
Chitwoodius;Tylencholaimidae;fungus feeders;4;2;f4;G789mnu.htm
Chloronemella;Linhomoeidae;marine nematodes; ; ; ; 
Choanolaimus;Choanolaimidae;predators;4;5;p4;G491mnu.htm
Choriorhabditis;Rhabditidae;bacteria feeders;1;3;b1; 
Christiella;Hystrignathidae;animal parasites; ; ; ; 
Chromadora;Chromadoridae;marine nematodes; ; ; ; 
Chromadorella;Chromadoridae;marine nematodes; ; ; ; 
Chromadorina;Chromadoridae;bacteria feeders;3;3;b3;G471mnu.htm
Chromadorita;Hypodontolaimidae;bacteria feeders;3;3;b3;G481mnu.htm
Chromadoropsis;Desmodoridae;marine nematodes;;;;
Chromospirina;Desmodoridae;marine nematodes; ; ; ;G5321mnu.htm
Chronogaster;Chronogastridae;bacteria feeders;3;3;b3;G431mnu.htm
Chrysodorus;Dorylaimidae;omnivores;4;8;o4; 
Chrysonema;Crateronematidae;omnivores;4;8;o4;G691mnu.htm0
Chrysonemoides;Crateronematidae;omnivores;5;8;o5;G694mnu.htm
Chylorhabditis;Rhabditidae;bacteria feeders;1;3;b1; 
Cienfuegia;Xyalidae;marine nematodes; ; ; ;G383mnu.htm
Cinctonema;Microlaimidae;marine nematodes; ; ; ; 
Cladocephalus;Aulolaimoididae;omnivores;4;8;o4;G922mnu.htm
Clarkus;Mononchidae;predators;4;5;p4;G652mnu.htm
Clavicauda;Nygolaimidae;predators;5;5;p5;G678mnu.htm
Clavicaudoides;Nygolaimidae;predators;5;5;p5;G678mnu.htm
Clavigula;Leptonchidae;fungus feeders;4;2;f4; 
Clementeia;Carnoyidae;animal parasites; ; ; ; 
Coarctadera;Rhabditidae;bacteria feeders;1;3;b1;G898mnu.htm
Cobbia;Xyalidae;marine nematodes; ; ; ; 
Cobbionema;Selachinematidae;marine nematodes; ; ; ; 
Cobbonchus;Cobbonchidae;predators;4;5;p4;G643mnu.htm0
Cobbonchulus;Cobbonchidae;predators;4;5;p4;G644mnu.htm
Collarinema;Cystidicolidae;animal parasites; ; ; ; 
Comesa;Ethmolaimidae;marine nematodes; ; ; ; 
Comesoma;Comesomatidae;marine nematodes; ; ; ; 
Comesomoides;Comesomatidae;marine nematodes; ; ; ; 
Comiconchus;Cobbonchidae;predators;4;5;p4;G645mnu.htm
Coninckia;Linhomoeidae;marine nematodes;;;;G456mnu.htm
Contortylenchus;Allantonematidae;animal parasites; ; ; ; 
Contracaecum;Heterocheilidae;animal parasites; ; ; ; 
Coomansinema;Thornenematidae;omnivores;5;8;o5;G708mnu.htm
Coomansus;Mononchidae;predators;4;5;p4;G656mnu.htm
Cooperia;Trichostrongylidae;animal parasites; ; ; ; 
Coprotylenchus;Parasitylenchidae;animal parasites; ; ; ; 
Corethrellonema;Tetradonematidae;animal parasites; ; ; ; 
Cornilaimus;Chambersiellidae;bacteria feeders;2;3;b2;G9111mnu.htm
Cornurella;Desmodoridae;marine nematodes; ; ; ;G5324mnu.htm
Coronatylencholaimellus;Tylencholaimellidae; ; ; ; ; 
Coronatyleptus;Leptonchidae;fungus feeders;4;2;f4; 
Coronocephalus;Hystrignathidae;animal parasites; ; ; ; 
Coronocyclus;Strongylidae;animal parasites; ; ; ; 
Corononema;Xyalidae;marine nematodes; ; ; ; 
Coslenchus;Tylenchidae;plant feeders;2;1;h2;G034mnu.htm
Cosmocerca;Cosmocercidae;animal parasites; ; ; ;
Cosmocercella;Cosmocercidae;animal parasites; ; ; ;
Cosmocercoides;Cosmocercidae;animal parasites; ; ; ;
Cosmoxynemoides;Oxyuridae; ; ; ; ; 
Cranifera;Thelastomatidae;animal parasites; ; ; ; 
Craspedonema;Bunonematidae;bacteria feeders;1;3;b1;G253mnu.htm
Crassibucca;Anatonchidae;predators;4;5;p4; 
Crassogula;Dorylaimidae;omnivores;4;8;o4;G7291mnu.htm
Crassolabium;Dorylaimidae;omnivores;4;8;o4;G729mnu.htm
Crateronema;Crateronematidae;omnivores;4;8;o4;G692mnu.htm
Craterostomum;Strongylidae;animal parasites; ; ; ; 
Creagrocercus;Creagrocercidae;animal parasites; ; ; ; 
Crenopharynx;Rhabdodemaniidae;marine nematodes; ; ; ; 
Crenosoma;Metastrongylidae;animal parasites; ; ; ; 
Crestonchulus;Mylonchulidae;predators;4;5;p4; 
Cribronema;Cephalobidae;bacteria feeders;2;3;b2;G2681mnu.htm
Cricodorylaimus;Tylencholaimidae;fungus feeders;4;2;f4;G7901mnu.htm
Cricolaimus;Rhadinematidae;marine nematodes; ; ; ;G4321mnu.htm
Criconema;Criconematidae;plant feeders;3;1;h3;G035mnu.htm
Criconemella;Criconematidae;plant feeders;3;1;h3;G036mnu.htm
Criconemoides;Criconematidae;plant feeders;3;1;h3;G036mnu.htm
Cristamphidelus;Amphidelidae;bacteria feeders;4;3;b4; 
Crocodorylaimus;Dorylaimidae;omnivores;4;8;o4;G684mnu.htm
Croserinema;Criconematidae;plant feeders;3;1;h3;G160mnu.htm
Crossolaimus;Microlaimidae;marine nematodes; ; ; ; 
Crossonema;Criconematidae;plant feeders;3;1;h3;G159mnu.htm
Crustorhabditis;Rhabditidae;bacteria feeders;1;3;b1;G2218mnu.htm
Cruzia;Kathlaniidae;animal parasites; ; ; ; 
Cruznema;Rhabditidae;bacteria feeders;1;3;b1;G2210mnu.htm
Cryonema;Monhysteridae; ; ; ; ; 
Cryphodera;Heteroderidae;plant feeders;3;1;h3;G038mnu.htm
Cryptaphelenchoides;Aphelenchoididae;fungus feeders;2;2;f2;G2131mnu.htm
Cryptaphelenchus;Aphelenchoididae;fungus feeders;2;2;f2;G2132mnu.htm
Cryptenoplus;Enoplidae;marine nematodes; ; ; ; 
Cryptolaimus;Linhomoeidae;marine nematodes; ; ; ; 
Cryptonchus;Bathyodontidae;predators;4;5;p4;G642mnu.htm
Cucullanus;Chitwoodchabaudiidae;animal parasites; ; ; ;G970mnu.htm
Cucullitylenchus;Tylenchidae;plant feeders;2;1;h2;G039mnu.htm
Curvicaudatum;Spiruridae;animal parasites; ; ; ; 
Curviditis;Rhabditidae;bacteria feeders;1;3;b1;G224mnu.htm
Curvidorylaimus;Tylencholaimidae;fungus feeders;4;2;f4; 
Cuticonema;Brevibuccidae;bacteria feeders;1;3;b1; 
Cuticularia;Rhabditidae;bacteria feeders;1;3;b1;G225mnu.htm
Cutidiplogaster;Diplogastridae;omnivores;1;8;o1;G3231mnu.htm
Cyantostomum;Strongylidae;animal parasites; ; ; ; 
Cyartonema;Aegialoalaimidae;marine nematodes;;;;
Cyartonemoides;Aegialoalaimidae;marine nematodes; ; ; ; 
Cyatholaimus;Cyatholaimidae;marine nematodes; ; ; ; 
Cyclobulura;Subulura;animal parasites; ; ; ; 
Cygnoonema;Draconematidae;marine nematodes; ; ; ;G538mnu.htm
Cylicocyclus;Strongylidae;animal parasites; ; ; ; 
Cylicodontophorus;Strongylidae;animal parasites; ; ; ; 
Cylicospirura;Spirocercidae;parasites of cats; ; ; ; 
Cylicostephanus;Strongylidae;animal parasites; ; ; ; 
Cylindrocorpus;Cylindrocorporidae;insect associates; ; ; ;G980mnu.htm
Cylindrolaimus;Diplopeltidae;bacteria feeders;3;3;b3;G451mnu.htm
Cylindrotheristus;Xyalidae;marine nematodes; ; ; ;G382mnu.htm
Cynipanguina;Anguinidae;plant feeders;2;1;h2;G006mnu.htm
Cynura;Chronogastridae;bacteria feeders;3;3;b3; 
Cyrnea;Habronematidae;animal parasites;;;;
Cyrtosomum;Atractidae;animal parasites; ; ; ; 
Cystoopsis;Cystooopsidae;animal parasites; ; ; ; 
Dacnotoides;Cucullanidae;animal parasites; ; ; ; 
Dactylaimoides;Xyalidae;marine nematodes; ; ; ; 
Dactyluraxonchium;Belondiridae;unknown; ; ; ; 
Dagda;Camacolaimidae;marine nematodes;3;3;b3;G4322mnu.htm
Daptonema;Xyalidae;marine nematodes; ; ; ;G381mnu.htm
Dasynemella;Ceramonematidae;marine nematodes; ; ; ; 
Dasynemoides;Ceramonematidae;marine nematodes; ; ; ; 
Dayellus;Phanodermatidae;marine nematodes; ; ; ; 
Deficephalobus;Osstellidae;bacteria feeders;2;3;b2;G272mnu.htm
Deladenus;Neotylenchidae;fungus feeders;2;2;f2;G148mnu.htm
Delatylus;Neotylenchidae;fungus feeders;2;2;f2;G1480mnu.htm
Deleyia;Myolaimidae;bacteria feeders;2;3;b2;G292mnu.htm
Demanema;Desmoscolecidae;marine nematodes; ; ; ; 
Demaniella;Diplogastridae;bacteria feeders;1;3;b1;G322mnu.htm
Demonema;Selachinematidae;marine nematodes; ; ; ; 
Dentatonema;Linhomoeidae;marine nematodes; ; ; ; 
Dentinema;Cosmocercidae;animal parasites; ; ; ; 
Dentostomella;Heteroxynematidae;animal parasites; ; ; ; 
Deontolaimus;Camacolaimidae;marine nematodes; ; ; ;G432mnu.htm
Deontostoma;Leptosomatidae;marine nematodes; ; ; ; 
Desmicola;Thelastomatidae;animal parasites; ; ; ; 
Desmidocerca;Desmidocercidae;animal parasites; ; ; ; 
Desmidocercella;Desmidocercidae;animal parasites; ; ; ; 
Desmodora;Desmodoridae;marine nematodes; ; ; ; 
Desmodorella;Desmodoridae;marine nematodes; ; ; ; 
Desmognathiema;Quimperiidae;animal parasites; ; ; ; 
Desmolaimoides;Linhomoeidae;marine nematodes; ; ; ; 
Desmolaimus;Linhomoeidae;bacteria feeders;3;3;b3;G401mnu.htm
Desmoscolex;Desmoscolecidae;marine nematodes; ; ; ;G411mnu.htm
Desmotersia;Selachinematidae;marine nematodes; ; ; ;G465mnu.htm
Devibursaphelenchus;Aphelenchoididae;predators;2;5;p2;G218mnu.htm
Diastolaimus;Chambersiellidae;bacteria feeders;2;3;b2;G913mnu.htm
Diaphanocephalus;Diaphanocephalidae;animal parasites; ; ; ; 
Dicelis;Drilonematidae;animal parasites; ; ; ; 
Diceloides;Drilonematidae;animal parasites; ; ; ; 
Dichelyne;Cucullanidae;animal parasites; ; ; ; 
Dichromadora;Hypodontolaimidae;bacteria feeders;3;3;b3;G476mnu.htm
Didelia;Diplopeltidae;marine nematodes; ; ; ; 
Didelta;Linhomoeidae;marine nematodes; ; ; ; 
Didilia;Tetradonematidae;animal parasites; ; ; ; 
Digitonchus;Camacolaimidae;marine nematodes; ; ; ; 
Dintheria;Bastianiidae;bacteria feeders;3;3;b3;G619mnu.htm
Dioctophyme;Dioctophymatidae;animal parasites; ; ; ; 
Dioctowittus;Cystooopsidae;animal parasites; ; ; ; 
Diodontolaimus;Camacolaimidae;marine nematodes; ; ; ; 
Diomedenema;Desmidocercidae;animal parasites; ; ; ; 
Dipetalonema;Onchocercidae;animal parasites; ; ; ; 
Diphtherophora;Diphtherophoridae;fungus feeders;3;2;f3;G801mnu.htm
Diplenteron;Neodiplogastridae;bacteria feeders;1;3;b1;G331mnu.htm
Diplogaster;Diplogastridae;bacteria feeders;1;3;b1;G327mnu.htm
Diplogasteriana;Diplogastridae;bacteria feeders;1;3;b1;G329mnu.htm
Diplogasteritus;Diplogastridae;bacteria feeders;1;3;b1;G321mnu.htm
Diplogasteroides;Diplogasteroididae;bacteria feeders;1;3;b1;G341mnu.htm
Diplogastrellus;Diplogastridae;bacteria feeders;1;3;b1;G3221mnu.htm
Diplolaimella;Monhysteridae;;;;;
Diplolaimelloides;Monhysteridae; ; ; ; ; 
Diplopeltis;Diplopeltidae;marine nematodes; ; ; ; 
Diplopeltoides;Diplopeltoididae;marine nematodes; ; ; ; 
Diplopeltula;Diplopeltidae;marine nematodes; ; ; ; 
Diploscapter;Diploscapteridae;bacteria feeders;1;3;b1;G241mnu.htm
Diploscapteroides;Rhabditidae;bacteria feeders;1;3;b1;G2215mnu.htm
Diplotriaena;Diplotriaenidae;animal parasites; ; ; ;G945mnu.htm
Diplotriaenoides;Diplotriaenidae;animal parasites; ; ; ; 
Diptenchus;Anguinidae;plant feeders;2;1;h2;
Dirofilaria;Onchocercidae;animal parasites; ; ; ;G987mnu.htm
Discocriconemella;Criconematidae;plant feeders;3;1;h3;G041mnu.htm
Discolaimium;Qudsianematidae;predators;4;5;p4;G772mnu.htm
Discolaimoides;Qudsianematidae;predators;4;5;p4;G774mnu.htm
Discolaimus;Qudsianematidae;predators;4;5;p4;G773mnu.htm
Discomyctus;Tylencholaimidae;fungus feeders;4;2;f4;G795mnu.htm
Disconema;Linhomoeidae;marine nematodes; ; ; ; 
Discopersicus;Tylenchidae;plant feeders;2;1;h2; 
Dispira;Linhomoeidae;marine nematodes; ; ; ; 
Dispirella;Linhomoeidae;marine nematodes; ; ; ; 
Distolabrellus;Rhabditidae;bacteria feeders;1;3;b1;G2217mnu.htm
Ditlevsenella;Enchelidiidae;marine nematodes; ; ; ; 
Ditylenchus;Anguinidae;plant feeders;2;1;h2;G042mnu.htm
Dolichodera;Heteroderidae;plant feeders;3;1;h3;G043mnu.htm
Dolichodorus;Dolichodoridae;plant feeders;3;1;h3;G044mnu.htm
Dolicholaimus;Ironidae;marine/fw nematodes; ; ; ; 
Dolichorhabditis;Rhabditidae;bacteria feeders;1;3;b1;G2219mnu.htm
Dolichorhynchus;Telotylenchidae;plant feeders;3;1;h3;G1561mnu.htm
Doliolaimus;Sphaerolaimidae;marine nematodes; ; ; ; 
Domorganus;Dipplopeltidae;bacteria feeders;3;3;b3;G452mnu.htm
Donsinema   ;Enoplidae;marine nematodes; ; ; ; 
Dorella;Leptonchidae;fungus feeders;4;2;f4; 
Doronchus;Anatonchidae;predators;4;5;p4;G661mnu.htm
Dorydorella;Qudsianematidae;predators;4;5;p4;G725mnu.htm
Dorylaimellus;Dorylaimellidae;plant feeders;5;1;h5;G752mnu.htm
Dorylaimoides;Mydonomidae;fungus feeders;4;2;f4;G781mnu.htm
Dorylaimopsis;Cosmosomatidae;marine nematodes; ; ; ; 
Dorylaimus;Dorylaimidae;omnivores;4;8;o4;G681mnu.htm
Doryllium;Leptonchidae;fungus feeders;4;2;f4;G787mnu.htm
Dotylaphus;Neotylenchidae;fungus feeders;2;2;f2;G148mnu.htm
Dracognomus;Draconematidae;marine nematodes; ; ; ;G5383mnu.htm
Dracograllus;Draconematidae;marine nematodes; ; ; ;G53841nu.htm
Draconema;Draconematidae;marine nematodes; ; ; ;G5384mnu.htm
Dracunculus;Dracunculidae;animal parasites;;;;G940mnu.htm
Draschia;Habronematidae;animal parasites; ; ; ; 
Drasica;Ungellidae;animal parasites; ; ; ; 
Drepanodorus;Paraxonchiidae;omnivores;4;8;o4;G731mnu.htm
Drepanodorylaimus;Dorylaimidae;omnivores;4;8;o4;G685mnu.htm
Drilocephalobus;Osstellidae;bacteria feeders;2;3;b2;G271mnu.htm
Dujardinascaris;Heterocheilidae;animal parasites; ; ; ; 
Duotylenchus;Tylenchidae;plant feeders;2;1;h2;G046mnu.htm
Durikainema;Robertdollfusidae;animal parasites; ; ; ; 
Durinemella;Swangeriidae;omnivores; ; ; ; 
Dystomanema;Ethmolaimidae;marine nematodes; ; ; ;G512mnu.htm
Ecanema;Nordiidae;omnivores;4;8;o4;G7132mnu.htm
Echinocephalus;Gnathostomatidae;animal parasites; ; ; ;G9471mnu.htm
Echinodesmodora;Desmodoridae;marine nematodes; ; ; ; 
Echinodorus;Encholaimidae;fungus feeders;4;2;f4; 
Echinotheristus;Xyalidae;marine nematodes; ; ; ; 
Ecphyadophora;Tylenchidae;plant feeders;2;1;h2;G047mnu.htm
Ecphyadophoroides;Tylenchidae;plant feeders;2;1;h2;G048mnu.htm
Ecuadorus;Trichodoridae;plant feeders;4;1;h4;G1471mnu.htm
Ecumenicus;Qudsianematidae;predators;4;5;p4;G705mnu.htm
Edalonema;Diplopeltidae; ; ; ; ; 
Egtitus;Actinolaimidae;omnivores;4;5;p5;G766mnu.htm
Ekphymatodera;Heteroderidae;plant feeders;3;1;h3;G154mnu.htm
Ektaphelenchus;Aphelenchoididae;predators;2;5;p2;G217mnu.htm
Ektaphelenchoides;Aphelenchoididae;predators;2;5;p2;G219mnu.htm
Elacolenchus ;Allantonematidae;animal parasites; ; ; ; 
Elaeophora;Onchocercidae;animal parasites; ; ; ; 
Elaphonema;Elaphonematidae;bacteria feeders;2;3;b2;G935mnu.htm
Eleutherolaimus;Linhomoeidae;marine nematodes; ; ; ; 
Elzalia;Xyalidae;bacteria feeders;2;3;b2; 
Encephalonema;Robertdollfusidae;animal parasites; ; ; ; 
Enchodeloides;Nordiidae;omnivores;4;8;o4; 
Enchodelus;Nordiidae;omnivores;4;8;o4;G714mnu.htm
Encholaimus;Encholaimidae;fungus feeders;4;2;f4;G926mnu.htm
Enchodorus;Nordiidae;omnivores;4;8;o4;G719mnu.htm
Enchonema;Xyalidae;marine nematodes; ; ; ; 
Endeolophus;Chromadoridae;marine nematodes; ; ; ; 
Enoploides;Enoplidae;marine predators; ; ; ; 
Enoplolaimus;Thoracostomopsidae;marine predators;4;5;p4;G595mnu.htm
Enoplusa;Enoplidae;marine nematodes; ; ; ; 
Enterobius;Oxyuridae;animal parasites; ; ; ;G993mnu.htm
Entomelas;Rhabdiasidae;animal parasites; ; ; ; 
Epacanthion;Enoplidae;marine predators; ; ; ; 
Epacrolaimus;Aporcelaimidae;omnivores;5;8;o5;G744mnu.htm
Epicharinema;Tylenchidae;plant feeders;2;1;h2;G049mnu.htm
Epidorylaimus;Qudsianematidae;predators;4;5;p4;G724mnu.htm
Epitobrilus;Tobrilidae;predators;3;5;p3;G603mnu.htm
Epsilonema;Epsilonematidae;substrate ingestion?;4;4;e4;G904mnu.htm
Ereptonema;Plectidae;bacteria feeders;2;3;b2;G425mnu.htm
Esocinema;Skrjabillanidae;animal parasites; ; ; ; 
Etamphidelus;Amphidelidae;bacteria feeders;4;3;b4; 
Ethmolaimus;Ethmolaimidae;freshwater nematodes; ; ; ;G511mnu.htm
Eubostrichus;Desmodoridae;marine nematodes; ; ; ;G533mnu.htm
Eucephalobus;Cephalobidae;bacteria feeders;2;3;b2;G262mnu.htm
Euchromadora;Chromadoridae;marine nematodes; ; ; ; 
Eudiplogasterium;Diplogastridae;bacteria feeders;1;3;b1;0G3222mnu.htm
Eudorylaimus;Qudsianematidae;predators;4;5;p4;G722mnu.htm
Eudromoxyura;Heteroxynematidae;animal parasites; ; ; ; 
Eugenuris;Oxyuridae;animal parasites; ; ; ; 
Eulinhomoeus;Linhomoeidae;marine nematodes; ; ; ; 
Eumonhystera;Monhysteridae;bacteria feeders;1;3;b1;G372mnu.htm
Eumorpholaimus;Linhomoeidae;marine nematodes; ; ; ; 
Euryconema;Thelastomatidae;animal parasites; ; ; ; 
Eurystomina;Enchelidiidae;marine nematodes; ; ; ; 
Eustrongylides;Dioctophymatidae;animal parasites; ; ; ; 
Euteratocephalus;Teratocephalidae;bacteria feeders;3;3;b3;G312mnu.htm
Eutobrilus;Tobrilidae;predators;3;5;p3; 
Eutylenchus;Tylenchidae;plant feeders;2;1;h2;G050mnu.htm
Expressonema;Cosmosomatidae;marine nematodes; ; ; ; 
Falcaustra;Kathlaniidae;animal parasites; ; ; ; 
Falcihasta; Swangeriidae;omnivores; ; ; ; 
Fellicola;Rhabdochonidae;animal parasites; ; ; ; 
Fenestrolaimus;Enoplidae;marine nematodes; ; ; ; 
Fergusobia;Neotylenchidae;plant feeders;2;1;h2;G149mnu.htm
Feroxides;Nygolaimidae;predators;5;5;p5; 
Fescia;Chambersiellidae;bacteria feeders;2;3;b2;G9171mnu.htm
Ficophagus;Aphelenchoididae;plant feeders;2;2;h2;G2201mnu.htm
Ficotylus;Anguinidae;plant feeders;2;1;h2;G164mnu.htm
Fictor;Neodiplogastridae;bacteria feeders;1;3;b1;G332mnu.htm
Filaria;Filariidae;animal parasites; ; ; ;G9851mnu.htm
Filenchus;Tylenchidae;fungus feeders;2;2;f2;G051mnu.htm
Filidiscolaimus;Qudsianematidae;predators;4;5;p4; 
Filipjeva;Xyalidae;marine nematodes; ; ; ; 
Filipjevia;Enoplidae;marine nematodes; ; ; ; 
Filipjeviella;Linhomoeidae;marine nematodes; ; ; ; 
Filiponema;Drilonematidae;animal parasites; ; ; ;G1510mnu.htm
Filitonchoides;Ethmolaimidae;marine nematodes; ; ; ; 
Filitonchus;Ethmolaimidae;marine nematodes;;;;
Filoncholaimus;Oncholaimidae;marine nematodes; ; ; ; 
Fleuronema;Thoracostomopsidae;marine predators; ; ; ; 
Fimbrilla;Oncholaimidae;marine nematodes; ; ; ; 
Foleyella;Oswaldofilariidae;animal parasites; ; ; ; 
Formicitylenchus;Allantonematidae;animal parasites; ; ; ; 
Fraglenchus;Tylenchidae;plant feeders;2;1;h2;G0033mnu.htm
Fuchseila;Dorylaimidae;omnivores;4;8;o4; 
Fuchsnema;Diplogasteroididae;bacteria feeders;1;3;b1;G342mnu.htm
Funaria;Leptonchidae;fungus feeders;4;2;f4;G782mnu.htm
Fungiotonchium;Iotonchiidae;fungus feeders;4;2;f4;G191mnu.htm
Fusivermis;Fusivermidae;marine nematodes; ; ; ; 
Gammarinema;Monhysteridae; ; ; ; ; 
Gammonema;Selachinematidae;marine nematodes; ; ; ; 
Garkavillamus;Skrjabillanidae;animal parasites; ; ; ; 
Gastromermis ;Mermithidae;animal parasites; ; ; ; 
Gatesnema;Drilonematidae;animal parasites; ; ; ; 
Geocenamus;Merliniidae;plant feeders;3;1;h3;G052mnu.htm
Geohaliplectus;Haliplectidae;bacteria feeders;2;3;b2; 
Geomonhystera;Monhysteridae;bacteria feeders;1;3;b1;G373mnu.htm
Geraldius;Chambersiellidae;bacteria feeders;2;3;b2;G914mnu.htm
Gerlachius;Meyliidae;marine nematodes; ; ; ;G416mnu.htm
Gerthus;Leptonchidae;fungus feeders;4;2;f4; 
Gibsonema;Quimperiidae;animal parasites; ; ; ; 
Glabor;Hystrignathidae;animal parasites; ; ; ; 
Glauxinema;Neodiplogastridae;eucaryote feeders;1;6;e1;G336mnu.htm
Globocephalonema;Drilonematidae;animal parasites; ; ; ; 
Globocephalus;Ancylostomatidae; ; ; ; ; 
Globodera;Heteroderidae;plant feeders;3;1;h3;G053mnu.htm
Glochidorella;Leptonchidae;fungus feeders;4;2;f4; 
Glochinema;Epsilonematidae;marine nematodes; ; ; ;G907mnu.htm
Glomerina;Rhigonematidae;animal parasites; ; ; ; 
Gnathostoma;Gnathostomatidae;animal parasites; ; ; ;G947mnu.htm
Gnomoxyala;Xyalidae;marine nematodes; ; ; ; 
Goezia;Raphidascarididae;animal parasites; ; ; ; 
Goferus;Leptonchidae;fungus feeders;4;2;f4; 
Goffartia;Diplogasteroididae;bacteria feeders;1;3;b1;G343mnu.htm
Golonchus;Ancylostomatidae; ; ; ; ; 
Gomphionchus;Ethmolaimidae;marine nematodes; ; ; ; 
Gomphionema;Cyatholaimidae;marine nematodes; ; ; ; 
Gongylonema;Spiruridae;animal parasites; ; ; ; 
Gonionchus;Xyalidae;marine nematodes; ; ; ; 
Goodeyella;Sphaeronematidae;plant feeders;3;1;h3;G1231mnu.htm
Gopalus;Paraxonchiidae;omnivores;4;8;o4;G7312mnu.htm
Gracilacus;Paratylenchidae;plant feeders;2;1;h2;G54mnu.htm
Gracilancea;Tylenchidae;plant feeders;2;1;h2;G055mnu.htm
Gracilioxyuris;Oxyuridae;animal parasites; ; ; ; 
Grahamia;Linhomoeidae;marine nematodes; ; ; ; 
Granonchulus;Mylonchulidae;predators;4;5;p4;G654mnu.htm
Granulinema;Micropleuridae;animal parasites; ; ; ; 
Graphonema;Chromadoridae;marine nematodes; ; ; ; 
Greeffiella;Desmoscolecidae; ; ; ; ; 
Gubalonus;Diplogastridae;animal parasites; ; ; ; 
Guitartia;Xyalidae;marine nematodes; ; ; ;G385mnu.htm
Guillonema;Xyalidae;marine nematodes; ; ; ; 
Gyalocephalus;Strongylidae;animal parasites; ; ; ; 
Gymnotylenchus;Neotylenchidae;fungus feeders; ; ; ; 
Gymnotyleptus;Leptonchidae;fungus feeders;4;2;f4; 
Gyrinicola;Pharyngodonidae;animal parasites; ; ; ; 
Habronema;Habronematidae;animal parasites; ; ; ;G946mnu.htn
Hadjelia;Habronematidae;animal parasites; ; ; ; 
Hadrodenus;Neotylenchidae;fungus feeders;2;2;f2;G1481mnu.htm
Hadronchuloides;Iotonchidae; ; ; ; ; 
Hadronchulus;Iotonchidae; ; ; ; ; 
Hadronchus;Iotonchidae; ; ; ; ; 
Hadrostrongylus;Molineidae;animal parasites; ; ; ; 
Haemonchus;Trichostrongylidae;animal parasites; ; ; ;G964mnu.htm
Halalaimus;Oxystominidae;marine/freshwater nematodes; ; ; ; 
Halanonchus;Trefusiidae;marine nematodes; ; ; ; 
Halaphanolaimus;Leptolaimidae;marine nematodes; ; ; ;G435mnu.htm
Halenchus;Anguinidae;plant feeders;2;1;h2;G056mnu.htm
Halicephalobus;Panagrolaimidae;bacteria feeders;1;3;b1;G286mnu.htm
Halichoanolaimus;Selachinematidae;marine nematodes; ; ; ; 
Halicylindrolaimus;Linhomoeidae;marine nematodes; ; ; ; 
Halinema;Linhomoeidae;marine nematodes; ; ; ; 
Haliplectus;Haliplectidae;marine nematodes; ; ; ;G427mnu.htm
Halirhabdolaimus;Haliplectidae;bacteria feeders;2;3;b2; 
Halodorylaimus;Dorylaimidae;omnivores;4;8;o4;G7292mnu.htm
Halolaimus;Oxystominidae; ; ; ; ; 
Halomonhystera;Monhysteridae; ; ; ; ; 
Hammerschmidtiella;Thelastomatidae;animal parasites; ; ; ; 
Haplolomus;Desmoscolecidae;marine nematodes; ; ; ; 
Hartertia;Hartertiidae; ; ; ; ; 
Haycocknema;Robertdollfusidae;animal parasites; ; ; ; 
Hedruris;Hedruridae;animal parasites; ; ; ;G992mnu.htm
Heleidomermis;Mermithidae;animal parasites; ; ; ; 
Helicobelondira;Belondiridae; ; ; ; ; 
Heliconema;Physalopteridae;animal parasites; ; ; ; 
Helicotylenchus;Hoplolaimidae;plant feeders;3;1;h3;G057mnu.htm
Helmabia;Encholaimidae;fungus feeders;4;2;f4; 
Hemicaloosia;Hemicycliophoridae;plant feeders;3;1;h3;G163mnu.htm
Hemicriconemoides;Criconematidae;plant feeders;3;1;h3;G058mnu.htm
Hemicycliophora;Hemicycliophoridae;plant feeders;3;1;h3;G059mnu.htm
Hemiplectus;Plectidae;bacteria feeders;2;3;b2;G4223mnu.htm
Heterakis;Heterakidae;animal paraqsites; ; ; ;G951mnu.thm
Heterocephalobellus;Cephalobidae;bacteria feeders;2;3;b2;G263mnu.htm
Heterocephalobus;Cephalobidae;bacteria feeders;2;3;b2;G2631mnu.htm
Heterocyatholaimus;Linhomoeidae;marine nematodes; ; ; ; 
Heterodera;Heteroderidae;plant feeders;3;1;h3;G060mnu.htm
Heterodorus;Nordiidae;omnivores;4;8;o4;G720mnu.htm
Heteromorphotylenchus;Parasitylenchidae;animal parasites; ; ; ; 
Heteromyoxyuris;Oxyuridae;animal parasites; ; ; ; 
Heterorhabditis;Heterorhabditidae;bacteria feeders;1;3;b1;G841mnu.htm
Heterotylenchus;Parasitylenchidae;animal parasites; ; ; ; 
Heth;Hethidae;animal parasites; ; ; ; 
Hexamermis ;Mermithidae;animal parasites; ; ; ; 
Hexatylus;Neotylenchidae;fungus feeders;2;2;f2;G1483mnu.htm
Heydenius;Mermithidae;animal parasites; ; ; ; 
Heynsaxonchium;Belondiridae;unknown; ; ; ; 
Heynsnema;Tylencholaimidae;fungus feeders;4;2;f4; 
Hieminema;Monhysteridae; ; ; ; ; 
Hirschmanniella;Pratylenchidae;plant feeders;3;1;h3;G061mnu.htm
Histiocelphalus;Hedruridae;animal parasites; ; ; ; 
Histotylenchus;Telotylenchidae;plant feeders;3;1;h3;G173mnu.htm
Hofmaenneria;Sphaerolaimidae;marine nematides; ; ; ; 
Homungella;Homungellidae;animal parasites; ; ; ; 
Hoplolaimus;Hoplolaimidae;plant feeders;3;1;h3;G063mnu.htm
Hoplotylus;Pratylenchidae;plant feeders;3;1;h3;G064mnu.htm
Hopperia;Comesomatidae;marine nematodes; ; ; ; 
Howardula;Allantonematidae;animal parasites; ; ; ; 
Hsiungia;Strongylidae;animal parasites; ; ; ; 
Huffmanela;Trichosomoididae;animal parasites; ; ; ; 
Hugotdiplogaster;Diplogastridae;animal parasites; ; ; ; 
Hulqus; Swangeriidae;omnivores; ; ; ; 
Huntaphelenchoides;Aphelenchoididae;fungus feeders;2;2;f2;G214mnu.htm
Hydromermis;Mermithidae;animal parasites; ; ; ; 
Hylonema;Heteroderidae;plant feeders;3;1;h3;G065mnu.htm
Hypodontolaimus;Hypodontolaimidae; ; ; ; ; 
Hyptiolaimus;Enoplidae;marine nematodes; ; ; ; 
Hysterothylacium;Raphidascarididae;animal parasites; ; ; ; 
Hystrichis;Dioctophymatidae;animal parasites; ; ; ; 
Hystrignathus;Hystrignathidae;animal parasites; ; ; ;G975mnu.htm
Ibadanus;Dorylaimellidae;plant feeders;5;1;h5; 
Ibipora;Dolichodoridae;plant feeders;3;1;h3;G155mnu.htm
Ichthyocephaloides;Ichthyocephalidae;animal parasites; ; ; ;G9761mnu.htm
Ichthyocephalus;Ichthyocephalidae;animal parasites; ; ; ;G976mnu.htm
Ichtyobronema;Quimperiidae;animal parasites; ; ; ; 
Icosiella;Oswaldofilariidae;animal parasites; ; ; ; 
Idiodorylaimus;Dorylaimidae;omnivores;4;8;o4;G7293mnu.htm
Immanigula;Belondiridae;plant feeders;5;1;h5;G7572mnu.htm
Inbionema;Nordiidae;omnivores;4;8;o4;G7132mnu.htm
Incanema;Leptonchidae;fungus feeders;4;2;f4;G7825mnu.htm
Incurvinema;Parasitylenchidae;animal parasites; ; ; ; 
Indoditylenchus;Anguinidae;plant feeders;2;1;h2; 
Indodorylaimus;Thornenematidae;omnivores;5;8;o5; 
Ingwenascaris;Heterocheilidae;animal parasites; ; ; ; 
Insulanema;Carnoyidae;animal parasites; ; ; ; 
Intasia;Diplopeltidae;marine nematodes; ; ; ; 
Ionema;Camacolaimidae;marine nematodes; ; ; ; 
Iotonchium;Iotonchiidae;fungus feeders;4;2;f4;G180mnu.htm
Iotonchulus;Iotonchidae;predators;4;5;p45;G6593mnu.htm
Iotonchus;Iotonchidae;predators;4;5;p4;G6591mnu.htm
Ipiluella;Sphaerulariidae;insect associates; ; ; ; 
Iponema;Drilonematidae;animal parasites; ; ; ;G1512mnu.htn
Ipsaphelenchus;Aphelenchoididae; ; ; ; ; 
Irantylenchus;Tylenchidae;plant feeders;2;1;h2;G066mnu.htm
Ironus;Ironidae;predators;4;5;p4;G591mnu.htm
Ischiodorylaimus;Dorylaimidae;omnivores;4;8;o4;G682mnu.htm
Isobinema;Travassosinematidae;animal parasites; ; ; ; 
Isolaimium;Isolaimiidae;bacteria feeders;5;3;b5;G821mnu.htm
Isomermis ;Mermithidae;animal parasites; ; ; ; 
Ixonema;Microlaimidae;marine nematodes; ; ; ; 
Jensenonchus;Iotonchidae; ; ; ; ; 
Judonchulus;Mylonchulidae;predators;4;5;p4;G650mnu.htm
Kalicephalus;Diaphanocephalidae;animal parasites; ; ; ; 
Kallidorylaimus;Qudsianematidae;predators;4;5;p4; 
Kamigainema;Dracunculidae; ; ; ; ; 
Kantbhalla;Leptonchidae;fungus feeders;4;2;f4; 
Kenyanema;Comesomatidae;marine nematodes; ; ; ; 
Keralanema;Chronogastridae;bacteria feeders;3;3;b3;
Keratonema;Epsilonematidae;marine nematodes; ; ; ; 
Kinonchulus;Onchulidae;predators;3;5;p3; 
Kirjanovia;Elaphonematidae;bacteria feeders;2;3;b2; 
Kischkenema;Chronogastridae;bacteria feeders;3;3;b3; 
Kittydorylaimus;Dorylaimidae;omnivores;4;8;o4;G687mnu.htm
Klossiella;Hystrignathidae;animal parasites; ; ; ; 
Klossnema;Hystrignathidae;animal parasites; ; ; ; 
Klugea;Phanodermatidae;marine nematodes; ; ; ; 
Kochinema;Nordiidae;omnivores;4;8;o4;G727mnu.htm
Koerneria;Neodiplogastridae;eucaryote feeders;1;6;e1;G338mnu.htm
Kolodorylaimus;Qudsianematidae;predators;4;5;p4;G740mnu.htm
Krampia;Oncholaimidae;marine nematodes;;;;
Kraspedonema;Cyatholaimidae;marine nematodes; ; ; ; 
Kreisiella;Physalopteridae;animal parasites; ; ; ; 
Kreisoncholaimus;Oncholaimidae;marine nematodes; ; ; ; 
Kunjudorylaimus;Dorylaimidae;omnivores;4;8;o4; 
Kurikania;Tobrilidae;predators;3;5;p3; 
Kurilonema;Rhabdiasidae;animal parasites; ; ; ; 
Kurochkinitylenchus;Parasitylenchidae;animal parasites; ; ; ; 
Labiobulura;Subulura;animal parasites; ; ; ; 
Labiostomum;Oxyuridae;animal parasites; ; ; ; 
Labronema;Dorylaimidae;omnivores;4;8;o4;G728mnu.htm
Labronemella;Dorylaimidae;omnivores;4;8;o4;G7281mnu.htm
Labrys;Tylenchidae;plant feeders;2;1;h2;G090mnu.htm
Laevides;Nygolaimidae;predators;5;5;p5;G679mnu.htm
Lagenonema;Thornenematidae;omnivores;5;8;o5;G7061mnu.htm
Lagochilascaris;Ascarididae; ; ; ; ; 
Laimaphelenchus;Aphelenchoididae;plant feeders;2;1;h2;G215mnu.htm
Laimydorus;Dorylaimidae;omnivores;4;8;o4;G704mnu.htm
Laimella;Comesomatidae;marine nematodes; ; ; ; 
Lamanema;Trichostrongylidae;animal parasites; ; ; ; 
Lamotheoxyuris;Heteroxynematidae;animal parasites; ; ; ; 
Lamuania;Tobrilidae;predators;3;5;p3; 
Lamyronema;Xyalidae;marine nematodes; ; ; ; 
Lanceimermis;Mermithidae;animal parasites; ; ; ; 
Lanzaveccia;Nordiidae;omnivores;4;8;o4; 
Lappnema;Robertdollfusidae;animal parasites; ; ; ; 
Latocephalus;Qudsianematidae;predators;4;5;p4; 
Latronema;Selachinematidae;marine nematodes; ; ; ; 
Lauraphragus;Thornenematidae;omnivores;5;8;o5; 
Lauratonema;Lauratonematidae;marine nematodes; ; ; ; 
Lauratonemoides;Lauratonematidae;marine nematodes; ; ; ; 
Lavareda;Rhadinematidae;marine nematodes; ; ; ;G4324mnu.htm
Lawtonema;Tylencholaimidae;fungus feeders;4;2;f4; 
Laxamphidelus;Amphidelidae;bacteria feeders;4;3;b4;
Laxus;Desmodoridae;marine nematodes; ; ; ;G534mnu.htm
Ledovitia;Enchelidiidae;marine nematodes; ; ; ; 
Leidynema;Thelastomatidae;animal parasites; ; ; ; 
Leidynemella;Thelastomatidae;animal parasites; ; ; ; 
Lelenchus;Tylenchidae;plant feeders;2;1;h2;G067mnu.htm
Lemuricola;Oxyuridae;animal parasites; ; ; ; 
Lenisaphelenchus;Aphelenchoididae;fungus feeder;2;5;f2; 
Lenonchium;Nordiidae;omnivores;4;8;o4; 
Lepidonema;Hystrignathidae;animal parasites; ; ; ; 
Leptepsilonema;Epsilonematidae;marine nematodes;;;;G9022mnu.htm
Leptojacobus;Diplogastridae;animal parasites; ; ; ; 
Leptolaimoides;Leptolaimidae;marine nematodes; ; ; ; 
Leptolaimus;Leptolaimidae;bacteria feeders;3;3;b3;G433mnu.htm
Leptonchus;Leptonchidae;fungus feeders;4;2;f4;G783mnu.htm
Leptonemella;Desmodoridae;marine nematodes; ; ; ;G535mnu.htm
Leptoplectonema;Leptolaimidae;marine nematodes; ; ; ; 
Leptosomatides;Leptosomatidae;marine nematodes; ; ; ; 
Levipalatum;Diplogastridae;bacteria feeders;1;3;b1;G3223mnu.htm
Libyostrongylus;Trichostrongylidae;animal parasites; ; ; ; 
Limnomermis;Mermithidae;animal parasites; ; ; ; 
Limonchulus;Onchulidae;predators;3;5;p3; 
Lindseyus;Swangeriidae;predators;5;5;p5;G901mnu.htm
Lineolia;Enoplidae;marine nematodes;;;;
Linhomoella;Linhomoeidae;marine nematodes; ; ; ; 
Linhomoeus;Linhomoeidae;marine nematodes; ; ; ; 
Linhystera;Xyalidae;marine nematodes; ; ; ; 
Liniscus;Trichuridae;animal parasites; ; ; ; 
Listia;Camacolaimidae;marine nematodes; ; ; ; 
Litinium;Oxystominidae;marine/freshwater nematodes; ; ; ; 
Litomosoides;Onchocercidae;animal parasites; ; ; ; 
Litylenchus;Anguinidae;plant feeders;2;1;h2;G162mnu.htm
Loa;Onchocercidae;animal parasites; ; ; ;G989mnu.htm
Lobocriconema;Criconematidae;plant feeders;3;1;h3;G0921mnu.htm
Loncharionema;Leptonchidae;fungus feeders;4;2;f4;G7845mnu.htm
Longibucca;Cylindrocorporidae;insect associates; ; ; ; 
Longibulbophora;Diphtherophoridae;fungus feeders;3;2;f3;G802mnu.htm
Longicyatholaimus;Cyatholaimidae;marine nematodes; ; ; ; 
Longidorella;Nordiidae;plant feeders;4;1;h4;G713mnu.htm
Longidoroides;Longidoridae;plant feeders;5;1;h5; 
Longidorus;Longidoridae;plant feeders;5;1;h5;G068mnu.htm
Longior;Hystrignathidae;animal parasites; ; ; ; 
Loofia;Hemicycliophoridae;plant feeders;3;1;h3;G059mnu.htm
Loofilaimus;Thorniidae;omnivores;4;8;o4; 
Lordellonema;Crateronematidae;omnivores;4;8;o4;G7431mnu.htm
Loveninema;Camacolaimidae;marine nematodes; ; ; ; 
Loxodontofilaria;Onchocercidae;animal parasites; ; ; ; 
Luella;Tylenchidae;plant feeders;2;1;h2; 
Lukonema;Muspiceidae; ; ; ; ; 
Lyranema;Enchelidiidae;marine nematodes; ; ; ; 
Maciela;Molineidae;animal parasites; ; ; ; 
Macramphida;Drilonematidae;animal parasites; ; ; ; 
Macrodontium;Microlaimidae;marine nematodes; ; ; ;
Macrolaimellus;Cephalobidae;bacteria feeders;2;3;b2;G2634mnu.htm
Macrolaimus;Chambersiellidae;bacteria feeders;2;3;b2;G917mnu.htm
Macrotrophurus;Dolichodoridae;plant feeders;3;1;h3;G071mnu.htm
Mactinolaimus;Actinolaimidae;omnivores;5;8;o5; 
Macuahuitloides;Molineidae;animal parasites; ; ; ; 
Makatinus;Aporcelaimidae;omnivores;5;8;o5;G739mnu.htm
Maldivea;Oxystominidae;marine/freshwater nematodes; ; ; ; 
Malekus;Nordiidae;omnivores;4;8;o4; 
Malenchus;Tylenchidae;plant feeders;2;1;h2;G072mnu.htm
Malvinia;Ungellidae;animal parasites;;;;
Manganonema;Xyalidae;marine nematodes; ;;;G388mnu.htm
Mansonella;Onchocercidae;animal parasites; ; ; ; 
Manunema;Leptolaimidae;bacteria feeders;3;3;b3; 
Margaronchuloides;Mylonchulidae;predators;4;5;p4; 
Margarochulus;Mylonchulidae;predators;4;5;p4; 
Margollus;Tylencholaimellidae;fungus feeders;4;2;f4; 
Margonema;Axonolaimidae;marine nematodes; ; ; ; 
Marimermis ;Marimermithidae;marine parasites;5;7;p5;G2002mnu.htm
Marisalbinema;Xyalidae;marine nematodes; ; ;;
Martininema;Aphelenchoididae;plant feeders;2;2;h2;G2202mnu.htm
Marylynnia;Cyatholaimidae;marine nematodes; ; ; ; 
Maseria;Muspiceidae; ; ; ; ; 
Mastophorus;Spirocercidae;animal parasites; ; ; ; 
Matthesonema;Rhabditidae;bacteria feeders;1;3;b1; 
Maupasina;Maupasinidae;animal parasites; ; ;;
Maxvachonia ;Cosmocercidae;animal parasites; ; ;;
Mbanema;Drilonematidae;animal parasites; ; ; ; 
Mediolaimus;Rhabdolaimidae;bacteria feeders;3;3;b3; 
Megadesmolaimus;Linhomoeidae;marine nematodes; ; ; ; 
Megadraconema;Draconematidae;marine nematodes; ; ; ; 
Megamphidelus;Amphidelidae;bacteria feeders;4;3;b4; 
Megaeurostomina;Enchelidiidae;marine nematodes; ; ; ; 
Megalobotrachonema;Kathlaniidae;animal parasites; ; ;;
Mehdilaimus;Axonolaimidae;marine nematodes; ; ; ; 
Mehdinema;Mehdinematidae;animal parasites; ; ; ; 
Meiodorus;Dolichodoridae;plant feeders;3;1;h3;G157mnu.htm
Meloidodera;Heteroderidae;plant feeders;3;1;h3;G073mnu.htm
Meloidoderella;Heteroderidae;plant feeders;3;1;h3;G074mnu.htm
Meloidoderita;Sphaeronematidae;plant feeders;3;1;h3;G075mnu.htm
Meloidogyne;Heteroderidae;plant feeders;3;1;h3;G076mnu.htm
Meloinema;Heteroderidae;plant feeders;3;1;h3;G077mnu.htm
Melolonthinimermis;Mermithidae;animal parasites; ; ; ;
Mentecle;Hystrignathidae;animal parasites; ; ; ;
Merlinius;Merliniidae;plant feeders;3;1;h3;G078mnu.htm
Mermis;Mermithidae;animal parasites; ; ; ;
Mesacanthion;Thoracostomopsidae;marine predators; ; ; ; 
Mesacanthoides;Enoplidae;marine nematodes; ; ; ; 
Mesidionema;Mesidionematidae;animal parasites; ; ; ; 
Mesoanguina;Anguinidae;plant feeders;2;1;h2;G0061mnu.htm
Mesocriconema;Criconematidae;plant feeders;3;1;h3;G158mnu.htm
Mesodorylaimellusa;Dorylaimellidae;plant feeders;5;1;h5; 
Mesodorylaimus;Dorylaimidae;omnivores;5;8;o5;G703mnu.htm
Mesomermis;Mermithidae;animal parasites; ; ; ;
Mesonema;Drilonematidae;animal parasites; ; ; ; 
Mesorhabditis;Rhabditidae;bacteria feeders;1;3;b1;G226mnu.htm
Mesotheristus;Xyalidae;marine nematodes; ;;;G386mnu.htm
Mesotobrilus;Tobrilidae;predators;3;5;p3; 
Metaraeolaimoides;Diplopeltidae;marine nematodes; ; ; ; 
Metachromadora;Chromadoridae;marine nematodes; ; ; ; 
Metacomesoma;Comesomatidae;marine nematodes; ; ; ; 
Metacrobeles;Cephalobidae;bacteria feeders;2;3;b2;G2632mnu.htm
Metacrolobus;Cephalobidae;bacteria feeders;2;3;b2;G2633mnu.htm
Metactinolaimus;Actinolaimidae;omnivores;4;8;o4;G7621mnu.htm
Metacyatholaimus;Cyatholaimidae;marine nematodes; ; ; ; 
Metadasynemella;Ceramonematidae;marine nematodes; ; ; ; 
Metadasynemoides;Ceramonematidae;marine nematodes; ; ; ; 
Metadesmodora;Desmodoridae;marine nematodes; ; ;;
Metadesmolaimus;Xyalidae;marine nematodes; ; ;;
Metadiplogaster;Diplogastridae;bacteria feeders;1;3;b1;G325mnu.htm
Metadorylaimus;Tylencholaimidae;fungus feeders;4;2;f4;
Metalaimus;Linhomoeidae;marine nematodes; ; ; ; 
Metalinhomoeus;Linhomoeidae;marine nematodes; ; ; ; 
Metamphidelus;Amphidelidae;bacteria feeders;4;3;b4;G636mnu.htm
Metaparasitylenchus;Allantonematidae;animal parasites; ; ; ; 
Metaphanoderma;Phanodermatidae;marine nematodes; ; ; ; 
Metaporcelaimus;Aporcelaimidae;omnivores;5;8;o5;G738mnu.htm
Metasabatieria;Comesomatidae;marine nematodes; ; ; ; 
Metasphaerolaimus;Sphaerolaimidae;marine nematodes; ; ; ;
Metateratocephalus;Teratocephalidae;bacteria feeders;3;3;b3;G313mnu.htm
Metathelazia;Pneumospiruridae;animal parasites; ; ; ; 
Metaxonchium;Belondiridae;plant feeders;5;1;h5;G756mnu.htm
Metenoploides;Enoplidae;marine nematodes; ; ; ; 
Metepsilonema;Epsilonematidae;marine nematodes;4;4;e4;G902mnu.htm
Meteterakis;Heterakidae;animal parasites; ; ; ; 
Metoncholaimus;Oncholaimidae;marine nematodes; ; ; ; 
Metaporoncholaimus;Oncholaimidae;marine nematodes; ; ; ; 
Meylia;Meyliidae;marine nematodes; ; ; ;G418mnu.htm
Meylis;Leptonchidae;fungus feeders;4;2;f4;G7842mni.htm
Meylonema;Tylencholaimidae;fungus feeders;4;2;f4;G7902mnu.htm
Micatonchus;Anatonchidae;predators;4;5;p4; 
Micoletskya;Neodiplogastridae;bacteria feeders;1;3;b1;G3233mnu.htm
Micoletzkyia;Phanodermatidae;marine nematodes; ; ; ; 
Miconchus;Iotonchidae;predators;4;5;p4;G659mnu.htm
Micracanthonchus;Linhomoeidae;marine nematodes; ; ; ; 
Microdorylaimus;Qudsianematidae;predators;4;5;p4;G726mnu.htm
Microlaimus;Microlaimidae;bacteria feeders;3;3;b3;G915mnu.htm
Micropleura;Micropleuridae;animal parasites; ; ; ; 
Microtetrameres;Tetrameridae;animal parasites; ; ; ; 
Miculenchus;Tylenchidae;plant feeders;2;1;f2;G079mnu.htm
Minolaimus;Cosmosomatidae;marine nematodes; ; ; ; 
Miodorylaimus;Dorylaimidae;omnivores;4;8;o4;G6882mnu
Miranema;Mydonomidae;omnivores;4;8;o4;G7881mnu.htm
Mirolaimus;Bathyodontidae;predators;4;5;p5; 
Mirzaiella;Travassosinematidae;animal parasites; ; ; ; 
Misticius;Sphaerulariidae;insect associates; ; ; ; 
Mitoaxonchium;Swangeriidae;omnivores; ; ; ; 
Mitranema;Tylenchidae;plant feeders;2;1;h2;G080mnu.htm
Moaciria;Heterakidae;animal parasites; ; ; ; 
Moennigia;Molineidae;animal parasites; ; ; ; 
Molgolaimus;Desmodoridae;marine nematodes;;;;
Molineus;Molineidae;animal parasites; ; ; ; 
Molinostrongylus;Molineidae;animal parasites; ; ; ; 
Molnaria;Skrjabillanidae;animal parasites; ; ; ; 
Mongolotheristus;Xyalidae;marine nematodes; ; ;;
Monhystera;Monhysteridae;bacteria feeders;1;3;b1;G371mnu.htm
Monhysteroides;Linhomoeidae;marine nematodes; ; ; ; 
Monhystrella;Monhysteridae;bacteria feeders;1;3;b1;G374mnu.htm
Monhystris;Xyalidae;marine nematodes; ; ;;
Monhystrium;Monhysteridae;marine nematodes;;;;G376mnu.htm
Monobutlerius;Diplogastridae;bacteria feeders;1;3;b1;G324mnu.htm
Monodontella;Ancylostomatidae; ; ; ; ; 
Mononchoides;Neodiplogastridae;eucaryote feeders;1;6;e1;G334mnu.htm
Mononchulus;Mononchulidae;predators;4;5;p4;G663mnu.htm
Mononchus;Mononchidae;predators;4;5;p4;G655mnu.htm
Monoposthia;Monoposthiidae; ; ; ; ; 
Monoposthioides;Monoposthiidae; ; ; ; ; 
Monotrichodorus;Trichodoridae;plant feeders;3;1;h3;G147mnu.htm
Mooleptus;Gnathostomatidae;animal parasites; ; ; ; 
Morasia;Mydonomidae;omnivores;4;8;o4; 
Morgascaridia;Ascaridiidae; ; ; ; ; 
Morlaxia;Diplopeltidae;marine nematodes; ; ; ; 
Morulaimus;Dolichodoridae;plant feeders;3;1;h3;G082mnu.htm
Moshajia;Crateronematidae;omnivores;4;8;o4;G743mnu.htm
Mudwigglus;Diplopeltidae;marine nematodes; ; ; ; 
Mukazia;Tylenchidae;plant feeders;2;1;h2;G083mnu.htm
Multicaecum;Heterocheilidae;animal parasites; ; ; ; 
Mulveyellus;Iotonchidae;predators;4;5;p4;G6594mnu.htm
Mumtazium;Tylencholaimidae;fungus feeders;4;2;f4;
Muspicea;Muspiceidae; ; ; ; ; 
Myctolaimus;Cylindrocorporidae;insect associates; ; ;;
Mydonomus;Mydonomidae;omnivores;4;8;o4; 
Myenchus;Myenchidae;animal parasites; ; ;;
Myleusnema;Kathlaniidae;animal parasites; ; ;;
Mylodiscoides;Qudsianematidae;predators;4;5;p4;
Mylodiscus;Qudsianematidae;predators;4;5;p4;G7261mnu.htm
Mylonchulus;Mylonchulidae;predators;4;5;p4;G653mnu.htm
Myolaimus;Myolaimidae;bacteria feeders;2;3;b2;G291mnu.htm
Myoryctes;Myenchidae;animal parasites; ; ; ;
Myrmeconema;Tetradonematidae;animal parasites; ; ; ;
Nacobbodera;Heteroderidae;plant feeders;3;1;h3;G084mnu.htm
Nacobbus;Pratylenchidae;plant feeders;3;1;h3;G085mnu.htm
Nagelus;Merliniidae;plant feeders;3;1;h3;G086mnu.htm
Namaquanema;Dorylaimidae;omnivora;4;8;o4;G6881mnu.htm
Namibinema;Axonolaimidae;marine nematodes; ; ; ; 
Nanidorus;Trichodoridae;plant feeders;3;1;h3;G0971mnu.htm
Nannolaimus;Ethmolaimidae;marine nematodes; ; ; ; 
Necator;Ancylostomatidae; ; ; ; ;G962mnu.htm
Nemabia;Encholaimidae;fungus feeders;4;2;f4; 
Nemanema;Oxystominidae;marine/freshwater nematodes; ; ; ; 
Nemanoke;Mesidionematidae;animal parasites; ; ; ; 
Nematodirus;Trichostrongylidae;animal parasites; ; ; ; 
Nemhelix;Cosmocercidae;animal parasites;;;;
Neoactinolaimus;Actinolaimidae;omnivores;4;8;o4;G762mnu.htm
Neoalloionema;Alloionematidae;bacteria feeders;1;3;b1;G232mnu.htm
Neobakernema;Criconematidae;plant feeders;3;1;h3;G0171mnu.htm
Neocamacolaimus;Camacolaimidae;marine nematodes; ; ; ;
Neocamallanus;Camallanidae;animal parasites; ; ; ;
Neochromadora;Hypodontolaimidae;bacteria feeders;3;3;b3;G477mnu.htm
Neocucullanus;Cucullanidae;animal parasites; ; ;;
Neodiplogaster;Neodiplogastridae;bacteria feeders;1;3;b1;G3232mnu.htm
Neodiplopeltula;Diplopeltoididae;marine nematodes; ; ; ; 
Neoditylenchus;Anguinidae;plant feeders;2;1;h2; 
Neodolichodorus;Dolichodoridae;plant feeders;3;1;h3;G087mnu.htm
Neodolichorhynchus;Telotylenchidae;plant feeders;3;1;h3;G138mnu.htm
Neoentomelas;Rhabdiasidae;animal parasites; ; ; ; 
Neohilgertia;Oxyuridae;animal parasites; ; ; ; 
Neolobocriconema;Criconematidae;plant feeders;3;1;h3;G092mnu.htm
Neometadorylaimus;Tylencholaimidae;fungus feeders;4;2;f4;G7911mnu.htm
Neomisticius;Sphaerulariidae;insect associates; ; ; ; 
Neoomeia;Quimperiidae;animal parasites; ; ; ;
Neoparaseuratum;Quimperiidae;animal parasites; ; ; ;
Neoparasitylenchus;Allantonematidae;animal parasites; ; ; ; 
Neophilometroides;Philometridae;animal parasites; ; ; ; 
Neopsilenchus;Tylenchidae;plant feeders;2;1;h2;G088mnu.htm
Neoraillietnema;Cosmocercidae;animal parasites; ; ; ;
Neosteinernema;Steinernematidae;bacteria feeders;2;3;b2;G833mnu.htm
Neostrongyloides;Dioctophymatidae;animal parasites; ; ; ; 
Neothada;Tylenchidae;plant feeders;2;1;h2;G089mnu.htm
Neothonchus;Ethmolaimidae;marine nematodes; ; ; ; 
Neotobrilus;Tobrilidae;predators;3;5;p3;G602mnu.htm
Neotonchoides;Ethmolaimidae;marine nematodes; ; ; ; 
Neotonchus;Cyatholaimidae;marine nematodes; ; ; ; 
Neotylocephalus;Plectidae;bacteria feeders;2;3;b2;G426mnu.htm
Nevadanema;Dorylaimidae;omnivores;4;8;o4;G730mnu.htm
Nicascolaimus;Axonolaimidae;marine nematodes; ; ; ; 
Nigronchus;Mononchidae;predators;4;5;p4; 
Nijhoffia;Linhomoeidae;marine nematodes; ; ; ; 
Nilonema;Dracunculidae;animal parasites; ; ; ; 
Nimigula;Belondiridae;plant feeders;5;1;h5;G758mnu.htm
Noffsingeria;Meyliidae;marine nematodes; ; ; ;G420mnu.htm
Nothacrobeles;Cephalobidae;bacteria feeders;2;3;b2;G2614mnu.htm
Nothanguina;Anguinidae;plant feeders;2;1;h2; 
Nothocriconema;Criconematidae;plant feeders;3;1;h3;G151mnu.htm
Nothocriconemoides;Criconematidae;plant feeders;3;1;h3;G091mnu.htm
Nothotylenchus;Anguinidae;fungus feeders;2;2;f2;G110mnu.htm
Notochaetosoma;Draconematidae;marine nematodes; ; ; ; 
Nudora;Monoposthiidae; ; ; ; ; 
Nullonchus;Iotonchidae; ; ; ; ; 
Nygellus;Nygellidae;predators;5;5;p5;G675mnu.htm
Nygolaimellus;Nygolaimidae;predators;5;5;p5;G676mnu.htm
Nygolaimium;Nygolaimidae;predators;5;5;p5; 
Nygolaimoides;Nygolaimidae;predators;5;5;p5;G672mnu.htm
Nygolaimus;Nygolaimidae;predators;5;5;p5;G673mnu.htm
Obainia;Rhigonematidae;animal parasites; ; ; ;
Octomyomermis;Mermithidae;animal parasites; ; ; ;
Octonchus;Oncholaimidae;marine nematodes; ; ; ; 
Odontobius;Monhysteridae; ; ; ; ; 
Odontolaimus;Odontolaimidae;bacteria feeders;3;3;b3;G551mnu.htm
Odontopharynx;Odontopharyngidae;predators;1;5;p1;G361mnu.htm
Odontophora;Axonolaimidae;marine nematodes; ; ; ; 
Odontophoroides;Axonolaimidae;marine nematodes; ; ; ; 
Oesophagostomum;Strongylidae;animal parasites; ; ; ;
Ogma;Criconematidae;plant feeders;3;1;h3;G093mnu.htm
Oigolaimella;Neodiplogastridae;eucaryote feeders;1;6;e1;G337mnu.htm
Oionchus;Mononchulidae;predators;4;5;p4;G658mnu.htm
Okranema;Thoracostomopsidae;marine predators; ; ; ; 
Oligonchulus;Mylonchulidae;predators;4;5;p4; 
Omicronema;Xyalidae;marine nematodes; ; ;;
Onchiolistia;Camacolaimidae;marine nematodes; ; ; ; 
Onchium;Camacolaimidae;marine nematodes; ; ; ; 
Onchocerca;Onchocercidae;animal parasites; ; ; ;G988mnu.htm
Oncholaimelloides;Oncholaimidae;marine nematodes; ; ; ; 
Oncholaimellus;Oncholaimidae;marine nematodes; ; ; ;G1526mnu.htm
Oncholaimium;Oncholaimidae;marine nematodes; ; ; ; 
Oncholaimoides;Oncholaimidae;marine nematodes; ; ; ; 
Oncholaimus;Oncholaimidae;marine nematodes; ; ; ; 
Onchulus;Onchulidae;predators;3;5;p3;G612mnu.htm
Onychonema;Ungellidae;animal parasites; ; ; ; 
Oonaguntus;Crateronematdae;omnivores;4;8;o4; 
Oostenbrinkella;Tylencholaimellidae;fungus feeders;4;2;f4;G792mnu.htm
Oostenbrinkia;Aulolaimoididae;omnivores;4;8;o4;G923mnu.htm
Opailaimus;Belondiridae;plant feeders;5;1;h5;G7581mnu.htm
Operculorhabditis;Rhabditidae;bacteria feeders;1;3;b1; 
Opisthodorylaimus;Thornenematidae;omnivores;5;8;o5;G706mnu.htm
Opisthotyleptus;Leptonchidae;fungus feeders;4;2;f4; 
Orientatractis;Atractidae; ; ; ; ; 
Oriverutoides;Nordiidae;omnivores;4;8;o4; 
Oriverutus;Nordiidae;omnivores;4;8;o4;G7132mnu.htm
Ornithofilaria;Onchocercidae;animal parasites; ; ; ; 
Orphreyus;Criconematidae;plant feeders;3;1;h3;G0922mnu.htm
Orrina;Anguinidae;plant feeders;2;1;h2; 
Ortleppascaris;Heterocheilidae;animal parasites; ; ; ; 
Oryctophila;Thelastomatidae;animal parasites; ; ; ; 
Oscheius;Rhabditidae;bacteria feeders;1;3;b1;G227mnu.htm
Osstella;Osstellidae;bacteria feeders;2;3;b2;G273mnu.htm
Ostertagia;Trichostrongylidae;animal parasites; ; ; ; 
Oswaldocruzia;Diaphanocephalidae;animal parasites; ; ;;
Oswaldofilaria;Oswaldofilariidae;animal parasites; ; ;;
Ovomermis ;Mermithidae;animal parasites; ; ; ;
Oxybelondira;Swangeriidae;predators;5;5;p5;G7531mnu.htm
Oxydiroides;Tylencholaimidae;fungus feeders;4;2;f4;
Oxydirus;Swangeriidae;predators;5;5;p5;G753mnu.htm
Oxyonchus;Enoplidae;marine predators; ; ; ; 
Oxyspirura;Thelaziidae;animal parasites; ; ; ; 
Oxystomatium;Oxyuridae;animal parasites; ; ; ; 
Oxystomina;Oxystominidae;marine/freshwater nematodes; ; ; ; 
Pachydorylaimus;Tylencholaimidae;fungus feeders;4;2;f4;G7903mnu.htm
Pakira;Plectidae;bacteria feeders;2;3;b2; 
Panagrellus;Panagrolaimidae;bacteria feeders;1;3;b1;G281mnu.htm
Panagrobelium;Panagrolaimidae;bacteria feeders;1;3;b1; 
Panagrobelus;Panagrolaimidae;bacteria feeders;1;3;b1;G282mnu.htm
Panagrolaimus;Panagrolaimidae;bacteria feeders;1;3;b1;G283mnu.htm
Panagroteratus;Cephalobidae;bacteria feeders;2;3;b2; 
Pancreatonema;Rhabdochonidae;animal parasites; ; ; ; 
Pandolaimus;Anoplostomatidae;marine nematodes; ; ; ; 
Panduripharynx;Chromadoridae;marine nematodes; ; ; ; 
Papillabrum;Hystrignathidae;animal parasites; ; ; ; 
Parabronema;Habronematidae;animal parasites; ; ; ; 
Parabronetna;Spiruridae;animal parasites; ; ; ; 
Paracameronia;Thelastomatidae;animal parasites;;;;
Paracanthonchus;Cyatholaimidae;marine nematodes; ; ; ; 
Paracomesoma;Comesomatidae;marine nematodes; ; ; ; 
Paracrassibucca;Anatonchidae;predators;4;5;p4;G662mnu.htm
Paracrobeles;Cephalobidae;bacteria feeders;2;3;b2;G2641mnu.htm
Paractinolaimus;Actinolaimidae;predators;5;5;p5;G761mnu.htm
Paracucullanellus;Cucullanidae;animal parasites; ; ; ; 
Paracyatholaimoides;Cyatholaimidae;eucaryote feeders;3;6;e3; 
Paracyatholaimus;Cyatholaimidae;eucaryote feeders;3;6;e3;G521mnu.htm
Paradesmodora;Desmodoridae;marine nematodes; ; ; ; 
Paradicelis;Drilonematidae;animal parasites; ; ; ; 
Paradolichodera;Heteroderidae;plant feeders;3;1;h3; 
Paradorylaimus;Dorylaimidae;omnivores;4;8;o4; 
Paradraconema;Draconematidae;marine nematodes; ; ; ;G5385mnu.htm
Paraegialoalaimus;Linhomoeidae;marine nematodes; ; ; ; 
Paraethmolaimus;Ethmolaimidae;freshwater nematodes; ; ; ; 
Paraeuchromadora;Chromadoridae;marine nematodes;;;;
Paraeudesmoscolex;Desmoscolecidae;marine nematodes; ; ; ; 
Paraeurostomina;Enchelidiidae;marine nematodes; ; ; ; 
Parafilaria;Filariidae;animal parasites; ; ; ;G9852mnu.htm
Paragendria;Quimperiidae;animal parasites; ; ; ; 
Paragonionchus;Xyalidae;marine nematodes; ; ; ; 
Parahadronchus;Iotonchidae;predators;4;5;p4;G6592mnu.htm
Paraheterotyphilum;Heterocheilidae;animal parasites; ; ; ; 
Paraichthyocephalus;Ichthyocephalidae;animal parasites; ; ; ; 
Paraiotonchium;Iotonchiidae;animal parasites; ; ; ; 
Paraleptonchus;Leptonchidae;fungus feeders;4;2;f4;G7844mnu.htm
Paraleptus;Physalopteridae;animal parasites; ; ; ; 
Paralinhomoeus;Linhomoeidae;marine nematodes; ; ; ; 
Paralongicyatholaimus;Cyatholaimidae;eucaryote feeders;3;6;e3; 
Paralongidorus;Longidoridae;plant feeders;5;1;h5;G095mnu.htm
Paramerlinius;Merliniidae;plant feeders;3;1;h3;G169mnu.htm
Paramesacanthion;Enoplidae;marine predators; ; ; ; 
Paramesonchium;Comesomatidae;marine nematodes; ; ; ; 
Paramicrolaimus;Paramicrolaimidae;marine nematodes; ; ; ; 
Paramonohystera;Xyalidae;marine nematodes; ; ; ; 
Paramononchus;Mononchidae;predators;4;5;p4; 
Paramphidelus;Amphidelidae;bacteria feeders;4;3;b4;G633mnu.htm
Paramphimonhystrella;Xyalidae;marine nematodes; ; ; ; 
Paramylonchulus;Mylonchulidae;predators;4;5;p4;G6531mnu.htm
Paranygolaimus;Nygolaimidae;predators;5;5;p5;G6731mnu.htm
Paraodontophora;Axonolaimidae;marine nematodes; ; ; ; 
Paraoigolaimella;Diplogastridae;bacteria feeders;1;3;b1;G326mnu.htm
Parapalus;Paraxonchiidae;omnivores;4;8;o4;G7313mnu.htm
Paraphanodermopsis;Phanodermatidae;marine nematodes; ; ; ; 
Paraphanolaimus;Aphanolaimidae;bacteria feeders;3;3;b3;G441mnu.htm
Parapharyngodon;Pharyngodonidae;animal parasites; ; ; ; 
Paraphelenchus;Aphelenchidae;fungus feeders;2;2;f2;G0121mnu.htm
Paraphilometroides;Philometridae;animal parasites; ; ; ; 
Parapinnanema;Chromadoridae;marine nematodes; ; ; ; 
Paraplectonema;Leptolaimidae;bacteria feeders;3;3;b3;G434mnu.htm
Parapoteriostomum;Strongylidae;animal parasites; ; ; ; 
Parapristionchus;Diplogastridae;bacteria feeders;1;3;b1; 
Paraqudsiella;Swangeriidae;omnivores; ; ; ; 
Paraquimperia;Quimperiidae;animal parasites; ; ; ; 
Pararaeolaimus;Diplopeltidae;marine nematodes; ; ; ; 
Pararotylenchus;Hoplolaimidae;plant feeders;3;1;h3;G096mnu.htm
Parasaveljevia;Enoplidae;marine predators; ; ; ; 
Parascaris;Ascarididae; ; ; ; ; 
Parascolaimus;Axonolaimidae;marine nematodes; ; ; ; 
Paraseuratum;Quimperiidae;animal parasites; ; ; ; 
Parasitaphelenchus;Aphelenchoididae;predators;2;5;p2;G2171mnu.htm
Parasitodiplogaster;Diplogastridae;bacterial feeders;1;3;b1;G3211mnu.htm
Parasitorhabditis;Rhabditidae;bacteria feeders;1;3;b1; 
Parasitylenchoides;Allantonematidae;animal parasites; ; ; ; 
Parasitylenchus;Parasitylenchidae;animal parasites; ; ; ; 
Parasphaerolaimus;Sphaerolaimidae;marine nematodes; ; ; ; 
Paraspiralatus;Spirocercidae;animal parasites; ; ; ; 
Parastomachoglossa;Actinolaimidae;omnivores;5;8;o5; 
Parastomonema;Siphonolaimidae; ; ; ; ; 
Parastrongyloides;Strongyloididae;animal parasites; ; ; ; 
Paraterschellingia;Siphonolaimidae; ; ; ; ; 
Parathelandros;Oxyuridae;animal parasites; ; ; ; 
Paratimminema;Thornenematidae;omnivores;5;8;o5; 
Paratimmus;Mydonomidae;omnivores;4;8;o4; 
Paratobrilus;Tobrilidae;predators;3;5;p3; 
Paratractis;Atractidae; ; ; ; ; 
Paratrichodorus;Trichodoridae;plant feeders;4;1;h4;G097mnu.htm
Paratrichosoma;Trichosomoididae;animal parasites; ; ; ; 
Paratricoma;Desmoscolecidae;marine nematodes; ; ; ; 
Paratripyla;Tripylidae;predators;3;5;p3;G623mnu.htm
Paratrophurus;Telotylenchidae;plant feeders;3;1;h3;G172mnu.htm
Paratylencholaimus;Tylencholaimellidae;fungus feeders;4;2;f4;G793mnu.htm
Paratylenchus;Paratylenchidae;plant feeders;2;1;h2;G099mnu.htm
Paravulvus;Nygolaimidae;predators;5;5;p5;G677mnu.htm
Paraxiphidorus;Longidoridae;plant feeders;5;1;h5;G176mnu.htm
Paraxonchium;Paraxonchiidae;omnivores;4;8;o4;G731mnu.htm
Paragletylenchus;Parasitylenchidae;animal parasites; ; ; ; 
Parelzalia;Xyalidae;marine nematodes; ; ; ; 
Parenoplus;Enoplidae;marine nematodes; ; ; ; 
Pareudesmoscolex;Desmoscolecidae; ; ; ; ; 
Pareudiplogaster;Neodiplogastridae;eucaryote feeders;1;6;e1;G335mnu.htm
Parhadjelia;Habronematidae;animal parasites; ; ; ; 
Parkellus;Mononchidae;predators;4;5;p4;
Paroctonchus;Oncholaimidae;marine nematodes; ; ; ; 
Parodontophora;Axonolaimidae;marine nematodes; ; ; ; 
Paroigolaimella;Diplogastridae;bacteria feeders;1;3;b1;G326mnu.htm
Paronchocerca;Oswaldofilariidae;animal parasites; ; ; ; 
Paroriverutus;Nordiidae;omnivores;4;8;o4;G7133mnu.htm
Paroxybelondira;Swangeriidae;omnivores; ; ; ; 
Paroxydirus;Swangeriidae;omnivores; ; ; ; 
Passalidophila;Hystrignathidae;animal parasites; ; ; ; 
Passalurus;Oxyuridae;animal parasites; ; ; ; 
Patagoniella;Ungellidae;animal parasites; ; ; ; 
Pateracephalonema;Criconematidae;plant feeders;3;1;h3;G100mnu.htm
Paurodontella;Sphaerulariidae;insect associate;3;7;d3;G392mnu.htm
Paurodontoides;Sphaerulariidae;insect associate;3;7;d3; 
Paurodontus;Sphaerulariidae;insect associates; ; ; ; 
Pearsonema;Capillariidae;animal parasites; ; ; ; 
Pelagonema;Oncholaimidae;marine nematodes; ; ; ; 
Pelicitus;Onchocercidae;animal parasites; ; ; ; 
Pellioditis;Rhabditidae;bacteria feeders;1;3;b1;G222mnu.htm
Pelodera;Rhabditidae;bacteria feeders;1;3;b1;G228mnu.htm
Peltamigratus;Hoplolaimidae;bacteria feeders;1;3;b1;G0091mnu.htm
Penjatinema;Cephalobidae;bacteria feeders;2;3;b2;G2617mnu.htm
Pennisia;Muspiceidae; ; ; ; ; 
Penzancia;Xyalidae;marine nematodes; ; ; ;G384mnu.htm
Perepsilonema;Epsilonematidae;marine nematodes; ; ; ;G9023mnu.htm
Perilinhomoeus;Linhomoeidae;marine nematodes; ; ; ; 
Perioplectus;Plectidae;bacteria feeders;2;3;b2; 
Perodira;Drilonematidae;animal parasites; ; ; ; 
Perspira;Desmodoridae;marine nematodes; ; ; ; 
Petrovinema;Strongylidae;animal parasites; ; ; ; 
Phaeoncholaimus;Oncholaimidae;marine nematodes; ; ; ; 
Phalacronema;Hystrignathidae;animal parasites; ; ; ; 
Phallaxonchium;Belondiridae;plant feeders;5;1;h5;G759mnu.htm
Phanoderma;Phanodermatidae;marine nematodes; ; ; ; 
Phanodermella;Phanodermatidae;marine nematodes; ; ; ; 
Phanodermopsis;Phanodermatidae;marine nematodes; ; ; ;G5955mnu.htm
Pharyngodon;Pharyngodonidae;animal parasites; ; ; ; 
Pharyngonema;Pharyngonematidae;animal parasites; ; ; ; 
Phasmarhabditis;Rhabditidae;bacteria feeders;1;3;b1;G223mnu.htm
Phellonema;Tylencholaimellidae;fungus feeders;4;2;f4; 
Philometra;Philometridae;animal parasites; ; ; ;G942mnu.htm
Philometroides;Philometridae;animal parasites; ; ; ; 
Philonema;Dracunculidae;animal parasites; ; ; ; 
Physaloptera;Physalopteridae;animal parasites; ; ; ; 
Physalopteroides;Physalopteridae;animal parasites; ; ; ; 
Physocephalus;Spirocercidae;animal parasites; ; ; ; 
Pierrickia;Cosmosomatidae;marine nematodes; ; ; ; 
Pingus;Quimperiidae;animal parasites; ; ; ; 
Piscicapillaria;Capillariidae;animal parasites; ; ; ; 
Pithecostrongylus;Molineidae;animal parasites; ; ; ; 
Placodira;Cephalobidae;bacteria feeders;2;3;b2;G2619mnu.htm
Platycoma;Leptosomatidae;marine nematodes; ; ; ; 
Plectonchus;Brevibuccidae;bacteria feeders;1;3;b1;G301mnu.htm
Plectus;Plectidae;bacteria feeders;2;3;b2;G422mnu.htm
Plesioungella;Ungellidae;animal parasites; ; ; ; 
Pleurotylenchus;Tylenchidae;plant feeders;2;1;h2;G102mnu.htm
Plutellonema;Drilonematidae;animal parasites; ; ; ; 
Pneumonema;Rhabdiasidae;animal parasites; ; ; ; 
Pneumospiruria;Pneumospiruridae;animal parasites; ; ; ; 
Poikilolaimus;Rhabditidae;bacteria feeders;1;3;b1;G2221mnu.htm
Polenchus;Tylenchidae;plant feeders;2;1;h2;G103mnu.htm
Polkepsilonema;Epsilonematidae;marine nematodes; ; ; ;G9025mnu.htm
Polygastrophora;Enchelidiidae;marine nematodes; ; ; ; 
Polyonchulus;Mylonchulidae;predators;4;5;p4; 
Polysigma;Desmodoridae;marine nematodes; ; ; ; 
Pomponema;Cyatholaimidae;eucaryote feeders;3;6;e3; 
Pongogius;Oxyuridae;animal parasites; ; ; ; 
Pontonema;Oncholaimidae;marine nematodes; ; ; ; 
Porocoma;Xenellidae;marine nematodes; ; ; ; 
Poronemella;Crateronematidae;omnivores;4;8;o4;G693mnu.htm
Porternema;Belondiridae; ; ; ; ; 
Postamphidelus;Amphidelidae;bacteria feeders;4;3;b4; 
Potensaphelenchus;Aphelenchoididae;Predators;2;5;p2;G2172mnu.htm
Poteriostomum;Strongylidae;animal parasites; ; ; ; 
Potoroxyuris;Oxyuridae;animal parasites; ; ; ; 
Practinocephalus;Actinolaimidae;omnivores;5;8;o5; 
Praeacanthonchus;Cyatholaimidae;eucaryote feeders;3;6;e3; 
Pratinema;Allantonematidae;animal parasites; ; ; ; 
Pratylenchoides;Merliniidae;plant feeders;3;1;h3;G104mnu.htm
Pratylenchus;Pratylenchidae;plant feeders;3;1;h3;G105mnu.htm
Prionchulellus;Iotonchidae; ; ; ; ; 
Prionchuloides;Mylonchulidae;predators;4;5;p4; 
Prionchulus;Mononchidae;predators;4;5;p4;G651mnu.htm
Prismatolaimus;Prismatolaimidae;bacteria feeders;3;3;b3;G581mnu.htm
Pristionchus;Diplogastridae;predators;1;5;p1;G333mnu.htm
Proatractis;Atractidae; ; ; ; ; 
Probelondira;Belondiridae;plant feeders;5;1;h5;G7571mnu.htm
Probstmayria;Atractidae; ; ; ; ; 
Procamacolaimus;Camacolaimidae;marine nematodes; ; ; ; 
Procamallanus;Camallanidae;animal parasites; ; ; ; 
Procephalobus;Panagrolaimidae;bacteria feeders;1;3;b1;G288mnu.htn
Prochromadora;Chromadoridae;marine nematodes;3;3;b3;G472mnu.htm
Prochromadorella;Chromadoridae;marine nematodes; ; ; ;G4721mnu.htm
Procyrnea;Habronematidae;animal parasites; ; ; ;G9461mnu.htm
Prodesmodora;Desmodoridae;marine nematodes; ; ; ;G531mnu.htm
Prodontorhabditis;Rhabditidae;bacteria feeders;1;3;b1; 
Prodorylaimium;Dorylaimidae;omnivores;4;8;o4;G701mnu.htm
Prodorylaimus;Dorylaimidae;omnivores;4;8;o4;G702mnu.htm
Progreeffiella;Greeffiellidae; ; ; ; ; 
Proleptonchoides;Leptonchidae;fungus feeders;4;2;f4;G7843mnu.htm
Proleptonchus;Leptonchidae;fungus feeders;4;2;f4;G784mnu.htm
Proleptus;Physalopteridae;animal parasites; ; ; ; 
Prolinhomoeus;Linhomoeidae;marine nematodes; ; ; ; 
Promiconchus;Anatonchidae;predators;4;5;p4; 
Promonhystera;Xyalidae;marine nematodes; ; ; ; 
Promumtazium;Tylencholaimidae;fungus feeders;4;2;f4; 
Prooncholaimus;Oncholaimidae;marine nematodes; ; ; ;G1522mnu.htm
Propanagrolaimus;Panagrolaimidae;bacteria feeders;1;3;b1;G2831mnu.htm
Proparasitylenchus;Allantonematidae;animal parasites; ; ; ; 
Proplatycoma;Leptosomatidae;marine nematodes; ; ; ; 
Prorhynchonema;Xyalidae;marine nematodes; ; ; ; 
Prosphaerolaimus;Linhomoeidae;marine nematodes; ; ; ; 
Prothallonema;Sphaerulariidae;insect associates;3;7;d3;G393mnu.htm
Prothornema;Thornenematidae;omnivores;5;8;o5;
Protocylindrocorpus;Cylindrocorporidae;insect associates; ; ; ; 
Protodesmoscolex;Desmoscolecidae;marine nematodes; ; ; ; 
Protodorylaimus;Dorylaimidae;omnivores;4;8;o4;G709mnu.htm
Protorhabditis;Rhabditidae;bacteria feeders;1;3;b1;G2214mnu.htm
Protospirura;Spiruridae;animal parasites; ; ; ; 
Prototricoma;Desmoscolecidae;marine nematodes; ; ; ; 
Protrellus;Thelastomatidae;animal parasites; ; ; ; 
Protricoma;Desmoscolecidae;marine nematodes; ; ; ; 
Protricomoides;Desmoscolecidae;marine nematodes; ; ; ; 
Protylenchus;Allantonematidae;animal parasites; ; ; ; 
Psammomermis;Mermithidae;animal parasites; ; ; ; 
Psammonema;Desmodoridae;marine nematodes; ; ; ; 
Pselionema;Ceramonematidae;marine nematodes; ; ; ; 
Pseudabbreviata;Physalopteridae;animal parasites; ; ; ; 
Pseudacrobeles;Cephalobidae;bacteria feeders;2;3;b2;G2611mnu.htm
Pseudaphelenchus;Aphelenchoididae;fungus feeders;2;2;f2;G2192mnu.htm
Pseudaprocta;Aproctidae; ; ; ; ; 
Pseudaraeolaimus;Diplopeltidae;marine nematodes; ; ; ; 
Pseudechinotheristus;Xyalidae;marine nematodes; ; ; ; 
Pseudhalenchus;Anguinidae;plant feeders;2;2;h2;G106mnu.htm
Pseudoaulolaimus;Isolaimiidae;bacteria feeders;3;3;b3;G562mnu.htm
Pseudocapillaria;Capillariidae;animal parasites; ; ; ; 
Pseudocella;Leptosomatidae;marine nematodes; ; ; ; 
Pseudocheironchus;Selachinematidae;marine nematodes; ; ; ; 
Pseudochromadora;Desmodoridae;marine nematodes; ; ; ; 
Pseudodiplogasteroides;Pseudiplogasteroididae;insect parasites; ; ; ; 
Pseudolella;Axonolaimidae;marine nematodes; ; ; ; 
Pseudonchus;Desmodoridae;marine nematodes; ; ; ; 
Pseudophilometroides;Dracunculidae;animal parasites; ; ; ; 
Pseudophysaloptera;Physalopteridae;animal parasites; ; ; ; 
Pseudoplatycoma;Leptosomatidae;marine nematodes; ; ; ; 
Pseudoproleptus;Cystidicolidae;animal parasites; ; ; ; 
Pseudorictularia;Physalopteridae;animal parasites; ; ; ; 
Pseudosteineria;Xyalidae;marine nematodes; ; ; ; 
Pseudotheristus;Monhysteridae; ; ; ; ; 
Pseudotylencholaimus;Tylencholaimidae;fungus feeders;4;2;f4; 
Psilenchus;Tylenchidae;plant feeders;2;1;h2;G107mnu.htm
Psyllotylenchus;Parasitylenchidae;animal parasites; ; ; ; 
Pternepsilonema;Epsilonematidae;marine nematodes; ; ; ;G9026mnu.htm
Pterotylenchus;Tylenchidae;plant feeders;2;1;h2;G108mnu.htm
Pterygodermatites;Rictulariidae;animal parasites; ; ; ; 
Pterygonema;Ceramonematidae;marine nematodes; ; ; ; 
Pterygorhabditis;Pterygorhabditidae;bacteria feeders;1;3;b1;G842mnu.htm
Pterygorhitis;Pterygorhabditidae;bacteria feeders;1;3;b1;G8421mnu.htm
Ptycholaimellus;Chromadoridae;marine nematodes;;;;G375mnu.htm
Punchaulus;Aphelenchoididae;fungus feeders;2;1;f2; 
Punctodera;Heteroderidae;plant feeders;3;1;h3;G109mnu.htm
Punctodora;Chromadoridae;marine nematodes;3;3;b3;G473mnu.htm
Punctoleptus;Leptonchidae;fungus feeders;4;2;f4; 
Pungentella;Nordiidae;omnivores;4;8;o4;G716mnu.htm
Pungentus;Nordiidae;omnivores;4;8;o4;G712mnu.htm
Quadricoma;Desmoscolecidae;marine nematodes; ; ; ; 
Quasitobrilus;Tobrilidae;predators;3;5;p3; 
Qudsiella;Swangeriidae;omnivores; ; ; ; 
Quinisulcius;Telotylenchidae;plant feeders;3;1;h3;G138mnu.htm
Radopholoides;Pratylenchidae;plant feeders;3;1;h3;G112mnu.htm
Radopholus;Pratylenchidae;plant feeders;3;1;h3;G111mnu.htm
Rafflesius;Qudsianematidae;predators;4;5;p4;G7251mnu.htm
Raillietnema;Cosmocercidae;animal parasites; ; ; ;
Ransomnema;Ransomnematidae;animal parasites; ; ; ; 
Raonema;Carnoyidae;animal parasites; ; ; ; 
Raphidascaris;Raphidascarididae;animal parasites; ; ; ; 
Raritobrilus;Tobrilidae;predators;3;5;p3; 
Rasheedia;Physalopteridae;animal parasites; ; ; ; 
Retrotheristus;Xyalidae;marine nematodes; ; ; ; 
Rauschtineria;Oxyuridae;animal parasites; ; ; ; 
Rhabdias;Rhabdiasidae;animal parasites; ; ; ; 
Rhabditella;Rhabditidae;bacteria feeders;1;3;b1;G2216mnu.htm
Rhabditidoides;Diplogastridae;bacteria feeders;1;3;b1;G330mnu.htm
Rhabditis;Rhabditidae;bacteria feeders;1;3;b1;G221mnu.htm
Rhabditoides;Rhabditidae;bacteria feeders;1;3;b1;G2213mnu.htm
Rhabditonema;Rhabditidae;bacteria feeders;1;3;b1; 
Rhabditophanes;Alloionematidae;bacteria feeders;1;3;b1;G231mnu.htm
Rhabdochona;Rhabdochonidae;animal parasites; ; ; ; 
Rhabdodemania;Rhabdodemaniidae;marine nematodes; ; ; ; 
Rhabdolaimus;Rhabdolaimidae;bacteria feeders;3;3;b3;G461mnu.htm
Rhabpanus;Rhabditidae;bacteria feeders;1;3;b1;G2211mnu.htm
Rhadinema;Rhadinematidae;marine nematodes; ; ; ;G4321mnu.htm
RhigonemaRhigonematidae;animal parasites; ; ; ; ;
Rhinema;Monoposthiidae; ; ; ; ; 
Rhinobothrium;Gnathostomatidae;animal parasites; ; ; ; 
Rhinodorylaimus;Dorylaimidae;omnivores;5;8;o5;G688mnu.htm
Rhips;Chromadoridae;marine nematodes; ; ; ; 
Rhizonemella;Heteroderidae;plant feeders;3;1;h3;G114mnu.htm
Rhodolaimus;Bunonematidae;bacteria feeders;1;3;b1;G252mnu.htm
Rhomborhabditis;Rhabditidae;bacteria feeders;1;3;b1;G2281mnu.htm
Rhynchonema;Xyalidae;marine nematodes; ; ; ;G389mnu.htm
Rhyssocolpus;Nordiidae;omnivores;4;8;o4;G715mnu.htm
Richtersia;Richtersiidae;marine nematodes; ; ; ;G466mnu.htm
Rictularia;Rictulariidae;animal parasites; ; ; ; 
Ridgellus;Tylenchidae;plant feeders;2;1;h2;G0891mnu.htm
Riouxgolvania;Muspiceidae; ; ; ; ; 
Robbea;Desmodoridae;marine nematodes; ; ; ;G536mnu.htm
Robertdollfusa;Robertdollfusidae;animal parasites; ; ; ; 
Robustnema;Xyalidae;marine nematodes; ; ; ; 
Robustodorus;Aphelenchoididae;fungus feeders;2;2;f2;G167mnu.htm
Romanomermis;Mermithidae;animal parasites; ; ; ; 
Rondonema;Carnoyidae;animal parasites; ; ; ; 
Roqueus;Swangeriidae;omnivores; ; ; ; 
Rostrulium;Tylencholaimidae;fungus feeders;4;2;f4; 
Rotylenchulus;Hoplolaimidae;plant feeders;3;1;h3;G116mnu.htm
Rotylenchus;Hoplolaimidae;plant feeders;3;1;h3;G117mnu.htm
Ruamowhitia;Enoplidae;marine nematodes; ; ; ; 
Rubzonema;Neotylenchidae;fungus feeders;2;2;f2; 
Ruehmaphelenchus;Aphelenchoididae;fungus feeders;2;2;f2;G2141mnu.htm
Rugoster;Chronogastridae;bacteria feeders;3;3;b3; 
Sabatieria;Cosmosomatidae;marine nematodes; ; ; ;G586mnu.htm
Sacrimarinema;Xyalidae;marine nematodes; ; ; ; 
Saevadorella;Nordiidae;omnivores;4;8;o4;G7134mnu.htm
Safianema;Anguinidae;plant feeders;2;1;h2; 
Sakia;Tylenchidae;plant feeders;2;1;h2;G118mnu.htm
Salesia;Hystrignathidae;animal parasites; ; ; ; 
Salimella;Qudsianematidae;predators;4;5;p4; 
Santafea;Chambersiellidae;bacteria feeders;2;3;b2;G912mnu.htm
Saprorhabditis;Rhabditidae;bacteria feeders;1;3;b1; 
Sarconema;Onchocercidae;animal parasites; ; ; ; 
Sarisodera;Heteroderidae;plant feeders;3;1;h3;G119mnu.htm
Sarsoma;Linhomoeidae;marine nematodes; ; ; ; 
Sauertylenchus;Telotylenchidae;plant feeders;3;1;h3;G120mnu.htm
Saveljevia;Enoplidae;marine predators; ; ; ; 
Scalpelus;Dorylaimidae;omnivores;4;8;o4;G7301mnu.htm
Scalpenchus;Leptonchidae;fungus feeders;4;2;f4;G7826mnu.htm
Scapidens;Aporcelaimidae;omnivores;5;8;o5;G768mnu.htm
Scaptrella;Xyalidae;marine nematodes; ; ; ; 
Scatonema;Allantonematidae;animal parasites; ; ; ; 
Schistonchus;Aphelenchoididae;plant feeders;2;1;h2;G220mnu.htm
Schrankiana;Atractidae; ; ; ; ; 
Schwenkiella;Thelastomatidae;animal parasites; ; ; ; 
Scleralaimus;Amphidelidae;bacteria feeders;4;3;b4; 
Scleramphidelus;Amphidelidae;bacteria feeders;4;3;b4;G635mnu.htm
Scleroactinolaimus;Actinolaimidae;omnivores;5;8;o5; 
Sclerolabia;Thornenematidae;omnivores;5;8;o5; 
Sclerolaimus;Leptonchidae;fungus feeders;4;2;f4;G7846mnu.htm
Sclerostylus;Leptonchidae;fungus feeders;4;2;f4;G7793mnu.htm
Scolpaniella;Comesomatidae;marine nematodes; ; ; ; 
Scottnema;Cephalobidae;bacteria feeders;2;3;b2;G2615mnu.htm
Scutellonema;Hoplolaimidae;plant feeders;3;1;h3;G121mnu.htm
Scutylenchus;Merliniidae;plant feeders;3;1;h3;G166mnu.htm
Sectonema;Aporcelaimidae;omnivores;5;8;o5;G736mnu.htm
Seinura;Aphelenchoididae;predators;2;5;p2;G216mnu.htm
Seleborca;Cephalobidae;bacteria feeders;2;3;b2;G2616mnu.htm
Semitobrilus;Tobrilidae;predators;3;5;p3;G604mnu.htm
Senegalonema;Hoplolaimidae;plant feeders;3;1;h3;G122mnu.htm
Serpentirhabdias;Rhabdiasidae;animal parasites; ; ; ; 
Serpinema;Camallanidae;animal parasites; ; ; ; 
Setaria;Onchocercidae;animal parasites; ; ; ; 
Setosabatieria;Cosmosomatidae;marine nematodes; ; ; ; 
Setostephanolaimus;Camacolaimidae;marine nematodes; ; ; ; 
Setsalia;Tobrilidae;predators;3;5;p3; 
Severianoia;Thelastomatidae;abimal parasites; ; ; ; 
Sheraphelenchus;Aphelenchoididae;fungus feeders;2;2;f2;G219mnu.htm
Sicaguttur;Thornenematidae;omnivores;5;8;o5;G707mnu.htm
Sicarius;Habronematidae;animal parasites; ; ; ; 
Siconema;Ungellidae;animal parasites; ; ; ; 
Sicorinema;Crateronematidae;omnivores;4;8;o4;G742mnu.htm
Sicorinemella;Crateronematidae;omnivores;4;8;o4; 
Siddiqia;Longidoridae;plant feeders;5;1;h5;G0951mnu.htm
Sifunema;Thelastomatidae;abimal parasites; ; ; ; 
Sigmaphoronema;Desmodoridae;marine nematodes; ; ; ; 
Sigmolenchus;Tylenchidae;plant feeders;2;1;h2;G1683mnu.htm
Silenchus;Tylenchidae;plant feeders;2;1;h2;G1031mnu.htm
Silvallis;Aporcelaimidae;omnivores;5;8;o5; 
Simpliconema;Simpliconematidae;marine nematodes; ; ; ; 
Sinanema;Monhysteridae; ; ; ; ; 
Siphonolaimus;Siphonolaimidae; ; ; ; ; 
Sitadevinema;Monhysteridae; ; ; ; ; 
Skarbilovinema;Iotonchiidae;animal parasites; ; ; ; 
Skibbenema;Dorylaimidae;omnivores;4;8;o4;G7302mnu.htm
Skrjabillanus;Skrjabillanidae;animal parasites; ; ; ; 
Skrjabinema;Oxyuridae;animal parasites; ; ; ; 
Skrjabinocercella;Desmidocercidae;animal parasites; ; ; ; 
Skrjabinodentus;Strongylidae;animal parasites; ; ; ; 
Skrjabinodon;Pharyngodonidae;animal parasites; ; ; ; 
Smithsoninema;Camacolaimidae;marine nematodes; ; ; ; 
Soaresnema;Hystrignathidae;animal parasites; ; ; ; 
Soboliphyme;Soboliphymatidae;animal parasites; ; ; ; 
Solenolaimus;Siphonolaimidae; ; ; ; ; 
Solididens;Nygolaimidae;predators;5;5;p5;G678mnu.htm
Southernia;Aegialoalaimidae; ; ; ; ; 
Southerniella;Diplopeltidae;marine nematodes; ; ; ; 
Spauligodon;Oxyuridae;animal parasites;;;;
Spectatus;Kathlaniidae;animal parasites; ; ; ; 
Sphaeroamphis;Thorniidae;omnivores;4;8;o4;G7112mnu.htm
Sphaerocephalum;Linhomoeidae;marine nematodes; ; ; ; 
Sphaerolaimus;Sphaerolaimidae;marine predators;3;5;p3;G391mnu.htm
Sphaeronema;Sphaeronematidae;plant feeders;3;1;h3;G123mnu.htm
Sphaerotheristus;Xyalidae;marine nematodes; ; ; ; 
Sphaerularia;Sphaerulariidae;insect associate;3;7;d3; 
Spiculimermis;Mermithidae;animal parasites; ; ; ; 
Spiculopteragia;Trichostrongylidae;animal parasites; ; ; ; 
Spilophorella;Chromadoridae;marine nematodes;3;3;b3; 
Spilotylenchus;Parasitylenchidae;animal parasites; ; ; ; 
Spimtectus;Hedruridae;animal parasites; ; ; ; 
Spinicauda;Heterakidae;animal paraqsites; ; ; ; 
Spinitectus;Rhabdochonidae;animal parasites; ; ; ; 
Spinodesmoscolex;Desmoscolecidae;marine nematodes; ; ; ; 
Spinodiplotriaena;Diplotriaenidae;animal parasites; ; ; ; 
Spiramphinema;Xyalidae;marine nematodes; ; ; ; 
Spirina;Linhomoeidae;marine nematodes; ; ; ; 
Spirinia;Desmodoridae;marine nematodes; ; ; ;G5325mnu.htm
Spirobakerus;Spirocercidae;animal parasites; ; ; ; 
Spirobolbolaimus;Microlaimidae;marine nematodes; ; ; ; 
Spirocerca;Thelaziidae;animal parasites; ; ; ; 
Spirodesma;Desmodoridae;marine nematodes; ; ; ;G5322mnu.htm
Spironoura;Kathlaniidae;animal parasites; ; ; ; 
Spiroxys;Gnathostomatidae;animal parasites; ; ; ; 
Spirura;Spiruridae;animal parasites; ; ; ; 
Sporonchulus;Mylonchulidae;predators;4;5;p4;G6581mnu.htm
Sprentia;Hystrignathidae;animal parasites; ; ; ; 
Squamafilaria;Aproctidae;animal parasites; ; ; ; 
Stauratostoma;Thelastomatidae;abimal parasites; ; ; ; 
Stegelleta;Cephalobidae;bacteria feeders;2;3;b2;G2671mnu.htm
Stegelletina;Cephalobidae;bacteria feeders;2;3;b2;G2672mnu.htm
Stegorhabditis;Rhabditidae;bacteria feeders;1;3;b1;G2283mnu.htm
Steineria;Xyalidae;marine nematodes; ; ; ; 
Steinernema;Steinernematidae;bacteria feeders;2;3;b2;G832mnu.htm
Stelmioides;Cucullanidae;animal parasites; ; ; ; 
Stenonchulus;Onchulidae;predators;3;5;p3;G611mnu.htm
Stephanium;Mononchulidae;predators;4;8;o4;G7971mnu.htm
Stephanofilaria;Filariidae;animal parasites; ; ; ; 
Stephanolaimus;Camacolaimidae;marine nematodes; ; ; ;G4323mnu.htm
Steratocephalus;Teratocephalidae;bacteria feeders;3;3;b3; 
Stictylus;Neotylenchidae;fungus feeders;2;2;f2;G1482mnu.htm
Stilbonema;Desmodoridae;marine nematodes; ; ; ;G537mnu.htm
Stomachorhabditis;Rhabditidae;bacteria feeders;1;3;b1;G2284mnu.htm
Stopractinca;Actinolaimidae;omnivores;5;8;o5; 
Storobogotovia;Enoplidae;marine nematodes; ; ; ; 
Strongyloides;Strongyloididae;animal parasites; ; ; ;G233mnu.htm
Strelkovimermis;Mermithidae;animal parasites; ; ; ; 
Strongylus;Strongylidae;animal parasites; ; ; ; 
Stylotheristus;Xyalidae;marine nematodes; ; ; ; 
Subanguina;Anguinidae;plant feeders;2;1;h2;G124mnu.htm
Subsphaerolaimus;Sphaerolaimidae;marine nematodes; ; ; ; 
Subulura;Subulura;animal parasites; ; ; ; 
Sucamphida;Drilonematidae;animal parasites; ; ; ; 
Sudhausia;Diplogastridae;bacteria feeders;1;3;b1;G3262mnu.htn
Suifilaria;Filariidae;animal parasites; ; ; ; 
Sulphuritylenchus;Allantonematidae;animal parasites; ; ; ; 
Swangeria;Belondiridae;plant feeders;5;1;h5;G755mnu.htm
Sychnotylenchus;Anguinidae;plant feeders;2;2;f2;G125mnu.htm
Symplocostoma;Enchelidiidae;marine nematodes; ; ; ; 
Symplocostomella;Enchelidiidae;marine nematodes; ; ; ; 
Syncheilaxonchium;Belondiridae;plant feeders;5;1;h5;G7511mnu.htm
Synodontium;Axonolaimidae;marine nematodes; ; ; ; 
Synodontoides;Axonolaimidae;marine nematodes; ; ; ; 
Synonchiella;Richtersiidae;marine nematodes; ; ; ; 
Synonchium;Richtersiidae;marine nematodes; ; ; ; 
Syphabulea;Oxyuridae;animal parasites; ; ; ; 
Syphacia;Oxyuridae;animal parasites; ; ; ; 
Syphaciella;Heteroxynematidae;animal parasites; ; ; ; 
Sypharista;Oxyuridae;animal parasites; ; ; ; 
Syringolaimus;Ironidae;marine/fw nematodes; ; ; ; 
Tachygonetria;Pharyngodonidae;animal parasites; ; ; ; 
Tadaridanema;Molineidae;animal parasites; ; ; ; 
Talanema;Qudsianematidae;predators;4;5;p4; 
Tanqua;Gnathostomatidae;animal parasites; ; ; ; 
Tantunema;Tylencholaimidae;fungus feeders;4;2;f4;G796mnu.htm
Tanzanius;Paratylenchidae;plant feeders;2;1;h2;G1032mnu.htm
Tarantobelus;Brevibuccidae;bacteria feeders;1;3;b1;G300mnu.htm
Tarvaia;Tarviidae;marine nematodes; ; ; ; 
Teladorsgia;Trichostrongylidae;animal parasites; ; ; ; 
Telotylenchus;Telotylenchidae;plant feeders;3;1;h3;G174mnu.htm
Tendinema;Paraxonchiidae;omnivores;4;8;o4;G7311mnu.htm
Tenuidraconema;Draconematidae;marine nematodes;;;;G5386mnu.htm
Tenunemellus;Tylenchidae;plant feeders;2;1;h2;G168mnu.htm
Teratocephalus;Teratocephalidae;bacteria feeders;3;3;b3;G311mnu.htm
Teratodiplogaster;Diplogastridae;bacteria feeders;1;3;b1;G3261mnu.htm
Teratolobus;Cephalobidae;bacteria feeders;2;3;b2;G2691mnu.htm
Teratorhabditis;Rhabditidae;bacteria feeders;1;3;b1;G2282mnu.htm
Terschellingia;Linhomoeidae;marine nematodes; ; ; ; 
Terschellingioides;Linhomoeidae;marine nematodes; ; ; ; 
Tetlyus;Thelastomatidae;animal parasites; ; ; ; 
Tetradonema;Tetradonematidae;animal parasites; ; ; ; 
Tetrameres;Tetrameridae;animal parasites; ; ; ; 
Tetylenchus;Dolichodoridae;plant feeders;3;1;h3;G128mnu.htm
Thada;Anguinidae;plant feeders;2;1;h2;G129mnu.htm
Thalassironus;Ironidae;marine/fw nematodes; ; ; ; 
Thalassolaimus;Oxystominidae;marine/freshwater nematodes; ; ; ; 
Thalassomonhystera;Monhysteridae; ; ; ; ; 
Thalassonema;Marimermithidae;marine parasites; ; ; ; 
Thaumamermis;Mermithidae;animal parasites; ; ; ; 
Thecavermiculatus;Heteroderidae;plant feeders;3;1;h3;G130mnu.htm
Thelandros;Oxyuridae;animal parasites; ; ; ; 
Thelastoma;Thelastomatidae;abimal parasites; ; ; ; 
Thelazia;Thelaziidae;animal parasites; ; ; ; 
Thelonema;Linhomoeidae;marine nematodes; ; ; ; 
Theristus;Xyalidae;marine nematodes; ; ; ;G382mnu.htm
Thripinema;Allantonematidae;animal parasites; ; ; ; 
Thonus;Dorylaimidae;omnivores;4;8;o4;G721mnu.htm
Thoonchus;Enchelidiidae;marine nematodes; ; ; ; 
Thoracostoma;Leptosomatidae;marine nematodes; ; ; ; 
Thoracostomopsis;Thoracostomopsidae;marine predators; ; ; ; 
Thornedia;Nordiidae;omnivores;4;8;o4;
Thorneella;Thorniidae;omnivores;4;8;o4;G7111mnu.htm
Thornenema;Thornenematidae;omnivores;5;8;o5;G710mnu.htm
Thornia;Thorniidae;omnivores;4;8;o4;G711mnu.htm
Thorniosa;Thorniidae;omnivores;4;8;o4;G717mnu.htm
Thubunaea;Physalopteridae;animal parasites; ; ; ; 
Tigronchoides;Anatonchidae;predators;4;5;p4; 
Timminema;Thornenematidae;omnivores;5;8;o5; 
Timmus;Mydonomidae;omnivores;4;8;o4; 
Tlacuatzoxyuris;Oxyuridae;animal parasites; ; ; ; 
Tobrilia;Tripylidae;predators;3;5;p3;G626mnu.htm
Tobriloides;Onchulidae;predators;3;5;p3; 
Tobrilonchulus;Onchulidae;predators;3;5;p3; 
Tobrilus;Tobrilidae;predators;3;5;p3;G601mnu.htm
Tonoscolecinema;Drilonematidae;predators;4;5;p4;G1511mnu.htm
Torumanawa;Dorylaimidae;omnivores;4;8;o4;G732mnu.htm
Toxascaris;Ascarididae; ; ; ; ; 
Toxocara;Ascarididae; ; ; ; ; 
Trachactinolaimus;Actinolaimidae;omnivores;5;8;o5; 
Trachypleurosum;Actinolaimidae;omnivores;4;8;o4;G770mnu.htm
Travnema;Pharyngodonidae;animal parasites; ; ; ; 
Travassosinema;Travassosinematidae;animal parasites; ; ; ; 
Trefusia;Trefusiidae;marine nematodes;;;;
Trefusialaimus;Trefusiidae;marine nematodes; ; ; ; 
Tremonema;Tylenchidae;plant feeders;2;1;h2;G1681mnu.htm
Tricaenonchus;Cobbonchidae;predators;4;5;p4; 
Tricephalobus;Panagrolaimidae;bacteria feeders;1;3;b1;G284mnu.htm
Trichenoplus;Enoplidae;marine nematodes; ; ; ; 
Trichinella;Trichinellidae;animal parasites; ; ; ;G950mnu.htm
Trichodorus;Trichodoridae;plant feeders;4;1;h4;G131mnu.htm
Tricholeiperia;Molineidae;animal parasites; ; ; ; 
Trichonchium;Leptonchidae;fungus feeders;4;2;f4; 
Trichosomoides;Trichosomoididae;animal parasites; ; ; ; 
Trichospirura;Thelaziidae;animal parasites; ; ; ; 
Trichostrongylus;Trichostrongylidae;animal parasites; ; ; ; 
Trichotheristus;Xyalidae;marine nematodes; ; ; ; 
Trichotylenchus;Dolichodoridae;plant feeders;3;1;h3;G132mnu.htm
Trichromadora;Chromadoridae;narine nematodes; ; ; ;G4722mnu.htm
Trichuris;Trichuridae;animal parasites; ; ; ;G952mnu.htm
Tricirronema;Bicirronematidae;bacteria feeders;2;3;b2;G919mnu.htm
Tricoma;Desmoscolecidae;marine nematodes; ; ; ;G908mnu.htm
Tridentoinfundibulum;Strongylidae;animal parasites; ; ; ; 
Tridentulus;Monhysteridae; ; ; ; ; 
Triepsilonema;Epsilonematidae;marine nematodes; ; ; ;G9021mnu.htm
Trileptium;Thoracostomopsidae;marine nematodes; ; ; ;G596mnu.htm
Triodontolaimus;Triodontolaimidae;marine nematodes; ; ; ; 
Triodontophorus;Strongylidae;animal parasites; ; ; ; 
Tripius;Sphaerulariidae;insect associate;3;7;d3; 
Tripyla;Tripylidae;predators;3;5;p3;G621mnu.htm
Tripylella;Tripylidae;predators;3;5;p3;G625mnu.htm
Tripylina;Trischistomatidae;predators;3;5;p3;G624mnu.htm
Tripylium;Monhysteridae; ; ; ; ; 
Tripyloides;Tripyloididae;marine nematodes; ; ; ; 
Trischistoma;Trischistomatidae;predators;3;5;p3;G622mnu.htm
Trissonchulus;Ironidae;marine/fw nematodes; ; ; ; 
Triumphalisnema;Hystrignathidae;animal parasites; ; ; ; 
Triversus;Dolichodoridae;plant feeders;3;1;h3;G133mnu.htm
Trochamus;Chromadoridae;marine nematodes; ; ; ; 
Trophomera;Benthimermithidae;marine nematodes; ; ; ; 
Trophomermis;Mermithidae;animal parasites; ; ; ; 
Trophonema;Tylenchulidae;plant feeders;3;1;h3;G134mnu.htm
Trophotylenchulus;Tylenchulidae;plant feeders;3;1;h3;G136mnu.htm
Trophurus;Telotylenchidae;plant feeders;3;1;h3;G135mnu.htm
Trualaimus;Bicirronematidae;bacteria feeders;2;3;b3;G9181mnu.htm
Truttaedacnitis;Cucullanidae;animal parasites; ; ; ; 
Truxonchus;Anatonchidae;predators;4;5;p4; 
Trypanoxyuris;Oxyuridae;animal parasites; ; ; ; 
Tubixaba;Aporcelaimidae;omnivores;5;8;o5; 
Tubolaimoides;Tubolaimoididae; ; ; ; ; 
Tubolaimus;Monhysteridae; ; ; ; ; 
Tumiota;Sphaeronematidae;plant feeders;3;1;h3;G1232mnu.htm
Turbatrix;Panagrolaimidae;bacteria feeders;1;3;b1;G285mnu.htm
Turgida;Physalopteridae;animal parasites; ; ; ; 
Tutunema;Hethidae;animal parasites; ; ; ; 
Tylaphelenchus;Aphelenchoididae;fungus feeders;2;2;f2;G2193mnu.htm
Tylenchocriconema;Paratylenchidae;plant feeders;2;1;h2;G137mnu.htm
Tylenchodoroides;Tylencholaimidae;fungus feeders;4;2;f4; 
Tylenchodorus;Tylencholaimidae;fungus feeders;4;2;f4; 
Tylencholaimellus;Tylencholaimellidae;fungus feeders;4;2;f4;G785mnu.htm
Tylencholaimus;Tylencholaimidae;fungus feeders;4;2;f4;G786mnu.htm
Tylenchorhynchus;Telotylenchidae;plant feeders;3;1;h3;G138mnu.htm
Tylenchulus;Tylenchulidae;plant feeders;3;1;h3;G139mnu.htm
Tylenchus;Tylenchidae;plant feeders;2;1;h2;G140mnu.htm
Tyleptus;Leptonchidae;fungus feeders;4;2;f4;G7841mnu.htm
Tylocephalus;Plectidae;bacteria feeders;2;3;b2;G423mnu.htm
Tylodorus;Tylenchidae;plant feeders;2;1;h2;G141mnu.htm
Tylolaimophorus;Diphtherophoridae;fungus feeders;3;2;f3;G803mnu.htm
Tylopharynx;Tylopharyngidae;fungus feeders;2;2;f2;G351mnu.htm
Typhlophorus;Heterocheilidae;animal parasites; ; ; ; 
Udonchus;Rhabdolaimidae;bacteria feeders;3;3;b3;G462mnu.htm
Uliginotylenchulus;Telotylenchidae;plant feeders;3;1;h3;G171mnu.htm
Ultratenella;Tylenchidae;plant feeders;2;1;h2;G1682mnu.htm
Uncinaria;Ancylostomatidae; ; ; ; ;G961mnu.htm
Ungella;Ungellidae;animal parasites; ; ; ; 
Unicorninema;Ungellidae;animal parasites; ; ; ; 
Uniqaxonchium;Belondiridae;unknown; ; ; ; 
Urangabadensis;Axonolaimidae;marine nematodes; ; ; ; 
Urbanonema;Hystrignathidae;animal parasites; ; ; ; 
Urucuia;Carnoyidae;animal parasites; ; ; ; 
Utahnema;Leptonchidae;fungus feeders;4;2;f4;G7821mnu.htm
Valvaelaimus;Xyalidae;marine nematodes; ; ; ; 
Vanderlindia;Tylencholaimidae;fungus feeders;4;2;f4;G791mnu.htm
Vasostoma;Comesomatidae;marine nematodes; ; ; ; 
Ventelia;Hystrignathidae;animal parasites; ; ; ; 
Verutus;Heteroderidae;plant feeders;3;1;h3;G142mnu.htm
Viguiera;Habronematidae;animal parasites; ; ; ;G9462mnu.htm
Viscosia;Oncholaimidae;marine nematodes; ; ; ; 
Vittatidera;Heteroderidae;plant feeders;3;1;h3;G153mnu.htm
Vogeloides;Pneumospiruridae;animal parasites; ; ; ; 
Vulcanonema;Hystrignathidae;animal parasites; ; ; ; 
Wachekitylenchus;Parasitylenchidae;animal parasites; ; ; ; 
Waerebekeia;Carnoyidae;animal parasites; ; ; ; 
Wakubitinema;Quimperiidae;animal parasites; ; ; ; 
Wasimellus;Tylencholaimidae;fungus feeders;4;2;f4; 
Wellcomia;Oxyuridae;animal parasites; ; ; ; 
Westindicus;Actinolaimidae;predators;5;5;p5;G7611mnu.htm
Wetanema;Thelastomatidae;animal parasites; ; ; ; 
Wieseria;Oxystominidae;marine/freshwater nematodes; ; ; ; 
Wiesoncholaimus;Oncholaimidae;marine nematodes; ; ; ; 
Willinema;Thornenematidae;omnivores;5;8;o5; 
Wilsonema;Plectidae;bacteria feeders;2;3;b2;G424mnu.htm
Wuchereria;Onchocercidae;animal parasites; ; ; ;G986mnu.htm
Wuinema;Quimperiidae;animal parasites; ; ; ; 
Xennella;Xennellidae;marine nematodes; ; ; ; 
Xenocriconemella;Criconematidae;plant feeders;3;1;h3;G152mnu.htm
Xenolaimus;Xyalidae;marine nematodes; ; ; ; 
Xiphidorus;Longidoridae;plant feeders;5;1;h5;G175mnu.htm
Xiphinema;Longidoridae;plant feeders;5;1;h5;G143mnu.htm
Xiphinemella;Leptonchidae;fungus feeders;4;2;f4;G7822mnu.htm
Xustronema;Rhigonematidae;animal parasites; ; ; ; 
Xyala;Xyalidae;marine nematodes; ; ; ;G387mnu.htm
Xylorhabditis;Rhabditidae;bacteria feeders;1;3;b1;G0892mnu.htm
Xystrognathus;Ichthyocephalidae;animal parasites; ; ; ; 
Xyo;Hystrignathidae;animal parasites; ; ; ; 
Yeatesinia;Plectidae;bacteria feeders;2;3;b2;G4224mnu.htm
Ypsilonellus;Cephalobidae;bacteria feeders;2;3;b2; 
Zalonema;Desmodoridae;marine nematodes; ; ; ; 
Zalophora;Rhigonematidae;animal parasites; ; ; ; 
Zeatylenchus;Anguinidae;plant feeders;2;1;h2;G161mnu.htm
Zeldia;Cephalobidae;bacteria feeders;2;3;b2;G2612mnu.htm
Zetalaimus;Leptonchidae;fungus feeders;4;2;f4;G7791mnu.htm
Zullinius;Odontopharyngidae;predators;1;5;p1; 
Zygonemella;Xyalidae;marine nematodes; ; ; ; 
Zygotylenchus;Pratylenchidae;plant feeders;3;1;h3;G144mnu.htm
Zygradus;Pratylenchidae;plant feeders;3;1;h3; 
